Date,Amount,Category,Description
2025-12-06,450.37,Subscriptions,Spotify
2026-04-08,826.12,Subscriptions,Hotstar
2025-08-30,1266.98,Travel,Auto Ride
2026-04-09,2459.35,Subscriptions,Hotstar
2025-11-16,295.2,Gym,Shaker Bottle
2025-11-23,4337.2,Travel,Bus Ticket
2026-03-21,1558.06,Education,Course
2026-01-02,4503.5,Health,Medicines
2025-03-21,988.68,Groceries,Vegetables
2025-06-18,4018.27,Food,Coffee
2025-03-24,3616.13,Groceries,Fruits
2026-01-22,738.33,Entertainment,Movie
2025-07-27,1136.51,Subscriptions,Hotstar
2025-09-30,1165.43,Health,Protein Powder
2026-01-26,4434.03,Bills,Mobile Recharge
2025-06-24,4967.29,Bills,Electricity
2025-03-15,2424.53,Shopping,Electronics
2025-06-27,3846.29,Gym,Shaker Bottle
2025-05-03,1581.67,Subscriptions,Spotify
2026-03-15,3712.23,Groceries,Milk
2026-02-25,1820.47,Education,Exam Fee
2026-01-31,2397.92,Subscriptions,Spotify
2025-11-16,540.0,Gym,Gym Fee
2025-08-26,3657.94,Shopping,Shoes
2025-09-21,2138.07,Gym,Gym Fee
2025-02-03,4192.77,Subscriptions,Hotstar
2025-02-05,492.83,Food,Snacks
2025-06-28,1926.09,Shopping,Accessories
2025-11-17,2186.33,Food,Dinner
2025-10-14,3413.77,Bills,Internet
2025-03-22,4960.84,Shopping,Accessories
2026-02-02,192.19,Education,Books
2025-11-01,3644.65,Entertainment,Concert
2025-06-20,1962.11,Travel,Train Ticket
2025-12-02,4196.55,Subscriptions,Spotify
2025-12-27,2823.56,Education,Exam Fee
2025-12-12,188.9,Bills,Electricity
2025-04-22,971.27,Food,Dinner
2026-01-25,2777.41,Gym,Gym Fee
2026-05-01,4033.13,Gym,Gym Fee
2026-03-09,1082.36,Subscriptions,Spotify
2025-12-31,3378.23,Health,Doctor Visit
2026-03-03,2345.15,Travel,Fuel
2025-01-02,4963.44,Gym,Supplements
2025-05-27,2508.92,Gym,Gym Fee
2025-06-17,3122.48,Shopping,Shoes
2025-08-31,210.38,Gym,Shaker Bottle
2025-02-01,4629.47,Bills,Mobile Recharge
2026-01-20,2655.96,Shopping,Electronics
2026-01-07,4420.22,Health,Doctor Visit
2025-06-14,3218.16,Shopping,Shoes
2025-07-10,4528.98,Health,Protein Powder
2026-05-02,1497.32,Food,Chicken Roll
2025-04-27,4891.94,Health,Protein Powder
2025-01-02,2706.23,Food,Lunch
2025-05-05,4113.73,Health,Doctor Visit
2025-07-21,1585.25,Subscriptions,Hotstar
2025-08-03,1222.75,Bills,Electricity
2025-06-19,2162.23,Travel,Train Ticket
2025-03-09,1800.67,Entertainment,Game Purchase
2025-04-25,1870.4,Health,Doctor Visit
2026-03-04,2550.85,Food,Snacks
2025-01-27,302.35,Food,Pizza
2025-10-17,1786.32,Subscriptions,Spotify
2026-02-19,1342.33,Travel,Train Ticket
2025-01-06,1617.32,Entertainment,Game Purchase
2026-03-12,2052.3,Food,Coffee
2025-05-13,1810.77,Shopping,Accessories
2025-01-23,2662.74,Health,Doctor Visit
2026-02-14,4531.18,Groceries,Rice
2025-02-01,4961.1,Health,Medicines
2026-03-07,4139.81,Gym,Supplements
2025-01-24,3838.85,Health,Medicines
2025-09-16,688.81,Groceries,Milk
2026-03-03,340.61,Subscriptions,Spotify
2025-05-15,2649.54,Bills,Mobile Recharge
2025-02-05,2548.01,Shopping,Accessories
2025-07-09,278.45,Groceries,Rice
2025-12-05,1958.37,Food,Chicken Roll
2025-04-12,4299.81,Entertainment,Netflix
2025-12-22,2232.87,Health,Protein Powder
2025-08-12,456.12,Health,Doctor Visit
2025-04-19,1002.05,Health,Medicines
2025-08-06,3381.85,Health,Doctor Visit
2025-08-21,1600.76,Gym,Shaker Bottle
2026-04-24,2031.81,Travel,Auto Ride
2025-11-28,1347.26,Entertainment,Movie
2025-12-20,1837.4,Bills,Internet
2025-04-18,1656.75,Gym,Gym Fee
2025-10-03,1660.52,Groceries,Rice
2026-04-12,965.22,Education,Books
2026-03-26,1169.61,Groceries,Vegetables
2025-03-01,4133.36,Gym,Gym Fee
2025-10-23,2367.62,Health,Protein Powder
2025-09-27,1092.0,Health,Medicines
2026-05-13,3876.96,Gym,Gym Fee
2025-07-16,4441.45,Education,Exam Fee
2025-10-19,2978.21,Shopping,Electronics
2025-04-27,2455.76,Food,Dinner
2025-10-04,3811.49,Gym,Shaker Bottle
2026-05-06,1033.88,Groceries,Rice
2025-12-29,2567.2,Groceries,Fruits
2025-12-23,2723.02,Food,Lunch
2026-03-30,1713.94,Education,Course
2025-06-28,1522.27,Shopping,Accessories
2025-05-23,4176.25,Gym,Supplements
2025-10-03,300.99,Food,Dinner
2025-05-25,2992.78,Travel,Auto Ride
2025-06-26,587.5,Gym,Gym Fee
2025-11-07,4129.67,Groceries,Fruits
2026-04-08,3621.46,Gym,Shaker Bottle
2025-08-24,2074.48,Education,Books
2025-04-06,4778.41,Education,Books
2026-01-20,3670.41,Entertainment,Concert
2025-06-17,2386.72,Health,Protein Powder
2025-03-04,4087.99,Bills,Electricity
2025-11-12,3514.25,Groceries,Rice
2026-01-07,3963.07,Groceries,Vegetables
2026-04-20,3278.18,Travel,Auto Ride
2025-04-25,3217.44,Gym,Gym Fee
2025-11-12,4653.49,Travel,Bus Ticket
2026-04-25,3244.18,Gym,Gym Fee
2025-03-11,644.54,Entertainment,Movie
2025-12-21,1538.42,Health,Doctor Visit
2026-04-25,1411.46,Entertainment,Netflix
2025-07-31,1472.96,Education,Course
2026-02-05,1637.19,Entertainment,Netflix
2025-04-03,3942.46,Gym,Gym Fee
2025-09-11,533.06,Gym,Gym Fee
2026-01-29,4448.14,Subscriptions,Prime Video
2025-11-10,1957.98,Subscriptions,Hotstar
2026-04-24,2137.97,Gym,Supplements
2026-03-22,4006.96,Health,Protein Powder
2025-05-09,1323.87,Food,Chicken Roll
2025-06-02,2507.26,Food,Lunch
2025-02-09,4744.78,Bills,Electricity
2025-04-18,1275.35,Health,Medicines
2025-08-11,4576.77,Gym,Supplements
2026-02-18,4035.15,Travel,Fuel
2025-06-02,4495.94,Subscriptions,Prime Video
2025-07-31,2839.31,Bills,Electricity
2025-09-11,2498.06,Subscriptions,Spotify
2025-08-02,4465.24,Shopping,Shoes
2025-07-18,3864.25,Groceries,Vegetables
2026-02-25,4880.17,Subscriptions,Hotstar
2025-09-11,4702.76,Education,Books
2025-06-30,1073.97,Subscriptions,Hotstar
2025-03-15,3257.56,Education,Course
2025-07-01,2529.93,Entertainment,Netflix
2025-02-23,659.99,Gym,Supplements
2025-03-14,3646.66,Travel,Fuel
2025-04-24,153.37,Subscriptions,Spotify
2025-01-03,2947.81,Bills,Electricity
2025-09-28,438.27,Travel,Auto Ride
2025-09-20,1808.98,Shopping,Shoes
2025-11-11,806.49,Bills,Electricity
2026-05-06,697.81,Health,Medicines
2025-07-22,1465.23,Health,Doctor Visit
2026-05-01,1883.8,Gym,Shaker Bottle
2026-05-14,2316.23,Subscriptions,Spotify
2026-04-04,1522.7,Entertainment,Concert
2025-03-16,1068.07,Gym,Shaker Bottle
2025-10-19,4661.66,Food,Dinner
2025-06-10,4903.73,Shopping,Shoes
2026-03-20,563.05,Shopping,Shoes
2026-04-15,1378.29,Travel,Fuel
2025-06-18,4395.8,Entertainment,Netflix
2025-06-19,2922.59,Travel,Train Ticket
2025-06-17,2107.02,Subscriptions,Spotify
2025-12-23,4378.69,Travel,Auto Ride
2025-02-13,2195.5,Entertainment,Netflix
2025-06-28,3868.22,Bills,Internet
2025-01-24,766.46,Gym,Gym Fee
2025-02-27,2421.98,Groceries,Fruits
2025-01-13,4367.67,Health,Medicines
2025-05-08,874.08,Food,Pizza
2025-11-27,838.79,Health,Protein Powder
2025-12-27,4135.38,Subscriptions,Hotstar
2025-12-22,793.65,Education,Course
2025-12-14,1037.66,Education,Course
2025-06-18,1397.12,Subscriptions,Hotstar
2025-09-08,2985.47,Gym,Gym Fee
2026-02-08,4456.85,Food,Chicken Roll
2025-12-05,3251.42,Subscriptions,Spotify
2025-10-08,620.0,Health,Protein Powder
2025-10-19,2262.04,Shopping,Clothes
2026-05-05,3791.81,Bills,Electricity
2025-04-06,1340.4,Health,Protein Powder
2025-11-24,4002.83,Entertainment,Concert
2025-10-26,432.9,Entertainment,Concert
2026-04-20,1275.9,Entertainment,Game Purchase
2025-08-01,1292.99,Food,Coffee
2025-08-26,2333.78,Groceries,Fruits
2025-07-27,3141.25,Education,Exam Fee
2025-02-10,4335.0,Groceries,Milk
2025-03-23,2445.5,Subscriptions,Spotify
2025-01-15,4744.24,Subscriptions,Prime Video
2025-12-21,2807.77,Subscriptions,Spotify
2026-01-18,4916.39,Entertainment,Concert
2025-05-11,2722.39,Shopping,Clothes
2025-03-25,2017.8,Gym,Gym Fee
2026-01-09,2119.49,Health,Protein Powder
2026-03-01,2908.25,Travel,Bus Ticket
2025-01-02,4171.7,Entertainment,Movie
2026-03-11,1455.0,Bills,Electricity
2025-07-25,829.6,Subscriptions,Spotify
2025-01-18,4700.42,Shopping,Accessories
2026-04-27,1257.09,Travel,Fuel
2025-04-24,3545.59,Food,Chicken Roll
2025-06-01,2437.88,Bills,Internet
2025-10-04,1133.78,Food,Chicken Roll
2025-01-18,3882.7,Entertainment,Movie
2025-11-03,2980.12,Bills,Mobile Recharge
2026-03-16,1823.96,Health,Doctor Visit
2026-03-24,2960.13,Entertainment,Movie
2026-01-16,3032.63,Bills,Electricity
2025-09-24,2348.88,Entertainment,Game Purchase
2025-01-08,305.79,Education,Books
2025-10-03,2916.45,Shopping,Accessories
2025-10-17,1226.66,Groceries,Milk
2025-11-27,2501.38,Groceries,Vegetables
2025-06-20,1830.16,Travel,Fuel
2026-05-11,1039.96,Travel,Fuel
2025-08-29,3488.31,Food,Coffee
2026-01-08,2224.97,Health,Protein Powder
2025-09-18,2678.42,Gym,Supplements
2025-02-27,1185.85,Gym,Shaker Bottle
2025-04-23,2426.42,Groceries,Vegetables
2025-05-29,2202.47,Health,Medicines
2025-08-11,1710.05,Shopping,Electronics
2025-01-17,4741.4,Subscriptions,Prime Video
2025-09-08,4503.38,Gym,Shaker Bottle
2026-01-01,1669.17,Groceries,Milk
2026-04-30,3552.18,Health,Protein Powder
2025-07-17,4869.2,Bills,Electricity
2025-03-07,2094.05,Travel,Auto Ride
2026-03-31,4261.87,Gym,Shaker Bottle
2025-04-07,2454.49,Shopping,Shoes
2025-10-19,3803.88,Shopping,Clothes
2026-02-09,157.81,Travel,Bus Ticket
2025-07-23,2094.75,Health,Protein Powder
2026-01-18,3083.51,Subscriptions,Prime Video
2025-06-22,342.12,Shopping,Accessories
2025-02-17,103.35,Travel,Bus Ticket
2025-03-22,3840.82,Education,Exam Fee
2025-10-04,3140.92,Subscriptions,Spotify
2026-04-13,876.65,Food,Snacks
2026-01-28,1619.13,Health,Protein Powder
2025-09-16,1809.98,Shopping,Electronics
2026-02-06,4635.81,Food,Snacks
2025-04-01,1293.62,Travel,Fuel
2025-06-06,1566.21,Bills,Electricity
2025-12-17,1899.61,Education,Exam Fee
2025-10-11,2673.66,Bills,Mobile Recharge
2025-05-02,4735.54,Bills,Electricity
2025-11-26,1682.64,Groceries,Rice
2025-04-02,4362.31,Education,Exam Fee
2025-03-12,4477.57,Health,Protein Powder
2025-04-23,2718.89,Gym,Supplements
2025-03-10,3555.7,Bills,Internet
2025-02-21,2645.94,Gym,Supplements
2025-07-19,2145.44,Bills,Internet
2025-04-02,4681.85,Subscriptions,Spotify
2025-12-12,524.42,Food,Dinner
2025-08-04,2666.32,Entertainment,Movie
2025-03-22,1396.69,Gym,Shaker Bottle
2025-12-05,1929.13,Entertainment,Game Purchase
2026-03-01,1762.53,Travel,Train Ticket
2026-01-13,2388.21,Bills,Internet
2025-11-30,1588.55,Health,Protein Powder
2026-01-05,730.94,Gym,Gym Fee
2025-10-01,1231.07,Shopping,Shoes
2025-12-05,4316.48,Health,Medicines
2026-01-12,2852.16,Gym,Gym Fee
2025-12-23,265.73,Bills,Mobile Recharge
2026-02-11,2241.04,Gym,Supplements
2025-03-25,237.85,Gym,Gym Fee
2026-03-28,2661.31,Groceries,Fruits
2025-10-13,1751.65,Entertainment,Netflix
2025-09-02,3222.65,Gym,Gym Fee
2026-01-27,1358.32,Gym,Gym Fee
2025-01-25,2465.17,Gym,Shaker Bottle
2026-05-02,2202.83,Gym,Supplements
2025-08-20,4221.24,Entertainment,Game Purchase
2026-03-15,4429.02,Subscriptions,Spotify
2026-03-14,1054.59,Travel,Bus Ticket
2025-04-25,4654.4,Gym,Supplements
2026-04-09,1681.81,Health,Medicines
2026-02-20,702.62,Gym,Shaker Bottle
2025-10-25,4395.92,Groceries,Vegetables
2025-01-22,1363.23,Food,Chicken Roll
2025-10-12,1562.29,Bills,Internet
2026-01-15,2223.19,Bills,Electricity
2025-02-04,400.81,Bills,Electricity
2025-01-19,4402.32,Travel,Bus Ticket
2026-02-01,3240.56,Groceries,Fruits
2025-04-14,4808.99,Groceries,Milk
2025-01-05,378.54,Shopping,Shoes
2025-11-15,2792.79,Gym,Shaker Bottle
2025-01-14,4480.05,Bills,Electricity
2025-08-27,4174.92,Entertainment,Game Purchase
2025-11-07,1100.1,Food,Pizza
2025-12-13,1552.13,Health,Doctor Visit
2025-01-31,4847.63,Gym,Gym Fee
2025-04-16,727.83,Education,Books
2025-04-09,2117.69,Education,Course
2025-01-13,2572.65,Groceries,Vegetables
2025-12-18,4386.26,Food,Chicken Roll
2025-05-10,4454.84,Bills,Mobile Recharge
2025-09-08,3064.48,Entertainment,Movie
2026-04-10,3020.04,Health,Protein Powder
2025-10-29,102.18,Shopping,Clothes
2025-04-29,3708.56,Gym,Supplements
2025-10-14,3319.49,Bills,Internet
2025-10-31,2260.66,Subscriptions,Spotify
2025-10-20,1302.65,Health,Medicines
2025-12-24,590.11,Food,Dinner
2025-10-22,1134.95,Bills,Electricity
2026-01-31,3495.36,Health,Medicines
2026-04-01,4477.39,Entertainment,Game Purchase
2026-01-19,3050.61,Health,Medicines
2025-01-08,3481.47,Bills,Internet
2025-02-16,2489.75,Entertainment,Concert
2025-09-16,1725.93,Shopping,Accessories
2026-02-25,4652.91,Health,Medicines
2025-05-23,3967.53,Groceries,Fruits
2026-03-29,1714.54,Education,Books
2025-07-26,3304.4,Shopping,Clothes
2026-03-19,1733.5,Food,Pizza
2025-12-13,1165.59,Entertainment,Netflix
2026-04-20,1441.42,Health,Protein Powder
2025-09-27,3339.34,Bills,Mobile Recharge
2025-05-27,4173.36,Health,Medicines
2025-03-24,3914.2,Bills,Internet
2025-05-20,1351.64,Health,Doctor Visit
2026-01-05,1526.79,Food,Chicken Roll
2025-03-24,983.5,Travel,Auto Ride
2025-03-28,1868.54,Subscriptions,Prime Video
2025-12-14,3166.29,Education,Course
2025-12-30,2524.68,Groceries,Milk
2025-04-18,1024.11,Subscriptions,Hotstar
2025-06-22,3110.08,Health,Medicines
2026-03-28,3250.75,Bills,Electricity
2026-03-24,4062.39,Travel,Fuel
2026-01-10,1631.86,Groceries,Fruits
2026-04-12,1193.39,Education,Exam Fee
2025-11-28,1184.81,Food,Dinner
2026-01-16,269.34,Travel,Fuel
2026-04-26,1046.95,Entertainment,Movie
2025-11-14,3247.8,Entertainment,Game Purchase
2025-11-15,536.01,Gym,Supplements
2025-07-21,3076.24,Groceries,Vegetables
2026-04-18,2699.69,Health,Doctor Visit
2025-08-21,3475.52,Gym,Shaker Bottle
2025-05-06,2042.67,Shopping,Accessories
2025-05-14,2517.9,Bills,Internet
2025-12-19,921.94,Education,Course
2026-05-04,3178.83,Shopping,Accessories
2026-03-06,3134.01,Food,Chicken Roll
2026-01-17,2926.85,Gym,Gym Fee
2025-06-26,895.04,Health,Medicines
2025-03-29,2139.61,Shopping,Shoes
2025-01-22,3237.97,Gym,Supplements
2025-08-31,4993.5,Food,Dinner
2025-11-17,446.14,Gym,Supplements
2025-01-15,193.1,Travel,Fuel
2025-12-19,1087.17,Food,Lunch
2025-11-06,4416.63,Bills,Electricity
2025-09-09,1706.59,Education,Exam Fee
2025-01-07,869.71,Entertainment,Concert
2025-04-01,3776.02,Groceries,Vegetables
2025-08-24,2355.77,Food,Snacks
2025-05-04,3922.27,Subscriptions,Hotstar
2025-07-07,3157.81,Groceries,Fruits
2025-09-22,2480.89,Entertainment,Game Purchase
2026-01-04,638.45,Entertainment,Netflix
2025-08-16,1717.84,Groceries,Rice
2025-07-17,4351.82,Subscriptions,Hotstar
2025-04-28,3863.55,Subscriptions,Prime Video
2025-11-22,4388.14,Food,Dinner
2025-12-15,4046.0,Shopping,Accessories
2026-04-18,3857.73,Health,Protein Powder
2025-02-02,1295.87,Shopping,Electronics
2026-01-26,1603.86,Education,Books
2026-04-23,3215.44,Entertainment,Netflix
2026-02-26,2279.6,Health,Protein Powder
2026-04-04,2422.15,Entertainment,Movie
2026-04-11,3638.86,Health,Protein Powder
2025-06-04,4118.82,Subscriptions,Spotify
2025-11-11,2725.28,Food,Lunch
2025-11-05,1780.44,Bills,Internet
2026-04-27,2494.16,Entertainment,Movie
2025-05-01,4711.43,Food,Lunch
2025-01-18,563.44,Groceries,Rice
2025-12-05,1418.47,Shopping,Accessories
2025-10-22,573.64,Shopping,Shoes
2025-08-25,2062.47,Education,Course
2026-05-03,1877.8,Health,Medicines
2026-04-16,3114.72,Shopping,Shoes
2026-04-13,3419.32,Food,Pizza
2026-02-19,3622.41,Bills,Electricity
2026-03-21,1211.02,Entertainment,Netflix
2025-12-10,3891.22,Gym,Gym Fee
2025-05-19,3000.66,Entertainment,Movie
2026-01-01,2840.42,Groceries,Vegetables
2025-11-27,859.99,Entertainment,Game Purchase
2025-11-29,3332.78,Groceries,Vegetables
2026-03-25,868.88,Food,Pizza
2026-02-22,601.35,Health,Protein Powder
2026-04-12,2425.55,Entertainment,Movie
2025-08-28,389.64,Entertainment,Netflix
2026-01-15,642.64,Gym,Gym Fee
2025-09-09,653.35,Shopping,Accessories
2025-04-07,3539.5,Groceries,Milk
2026-01-03,4048.39,Entertainment,Game Purchase
2025-08-06,573.85,Groceries,Rice
2025-09-10,1226.41,Shopping,Electronics
2025-06-11,3964.28,Gym,Shaker Bottle
2026-04-08,3684.2,Travel,Train Ticket
2025-01-12,2137.38,Food,Chicken Roll
2025-06-04,4667.03,Gym,Supplements
2025-05-30,1803.3,Travel,Fuel
2025-03-24,4111.21,Gym,Shaker Bottle
2025-05-07,2109.91,Gym,Gym Fee
2025-05-05,1286.62,Shopping,Electronics
2025-06-08,1270.54,Travel,Fuel
2025-09-17,568.89,Education,Course
2026-03-19,2525.27,Entertainment,Game Purchase
2026-04-09,1590.14,Subscriptions,Spotify
2025-11-09,3918.49,Food,Pizza
2025-07-16,1284.89,Education,Books
2025-10-09,2257.1,Subscriptions,Spotify
2026-01-22,4913.64,Groceries,Milk
2025-07-11,2432.94,Subscriptions,Hotstar
2025-01-17,1363.37,Gym,Shaker Bottle
2025-09-21,2897.57,Bills,Internet
2025-11-20,3784.41,Entertainment,Movie
2026-01-19,2140.65,Gym,Shaker Bottle
2025-08-11,358.02,Shopping,Clothes
2026-01-30,388.97,Education,Course
2026-01-28,1694.5,Food,Pizza
2026-04-30,1442.26,Food,Dinner
2026-02-20,3476.73,Entertainment,Netflix
2026-04-19,4141.79,Health,Medicines
2025-05-09,4971.51,Shopping,Shoes
2025-02-11,1456.53,Gym,Supplements
2026-04-25,3771.33,Groceries,Vegetables
2025-12-27,3551.57,Groceries,Milk
2025-04-08,2497.89,Gym,Supplements
2025-04-22,1051.06,Travel,Train Ticket
2025-04-09,642.4,Bills,Internet
2025-03-20,3201.03,Food,Chicken Roll
2025-10-31,3697.97,Education,Books
2025-10-10,408.97,Travel,Auto Ride
2025-12-09,4128.23,Travel,Fuel
2025-03-16,2719.26,Food,Chicken Roll
2025-01-17,3620.8,Bills,Electricity
2025-02-14,3294.82,Gym,Supplements
2025-10-26,2967.6,Subscriptions,Prime Video
2025-06-13,4035.48,Groceries,Fruits
2025-07-22,4628.9,Subscriptions,Spotify
2025-05-07,2567.81,Travel,Train Ticket
2025-08-24,2491.58,Gym,Gym Fee
2026-03-17,3344.42,Travel,Train Ticket
2025-12-27,2138.81,Entertainment,Movie
2025-07-10,4459.49,Entertainment,Game Purchase
2026-02-07,1332.85,Food,Chicken Roll
2025-06-06,2393.2,Travel,Fuel
2025-10-26,1379.79,Subscriptions,Spotify
2025-05-20,3666.23,Subscriptions,Hotstar
2026-02-19,3263.69,Groceries,Milk
2026-05-11,2692.13,Travel,Fuel
2025-11-07,1075.14,Food,Lunch
2025-02-23,76.33,Health,Protein Powder
2025-04-25,2683.04,Food,Lunch
2025-05-04,2013.44,Subscriptions,Spotify
2026-03-14,2007.91,Groceries,Rice
2025-11-11,4697.73,Shopping,Electronics
2025-11-08,2804.26,Shopping,Electronics
2025-05-07,594.26,Subscriptions,Hotstar
2025-09-02,365.1,Shopping,Accessories
2025-08-09,3233.68,Gym,Gym Fee
2025-12-16,2092.55,Subscriptions,Hotstar
2025-09-15,1172.69,Subscriptions,Hotstar
2025-09-17,2921.2,Bills,Mobile Recharge
2025-10-21,2977.6,Food,Pizza
2025-07-20,836.58,Education,Books
2025-06-11,3555.57,Travel,Train Ticket
2025-08-12,1806.64,Gym,Gym Fee
2025-08-07,182.35,Education,Course
2025-12-16,2232.02,Travel,Auto Ride
2025-11-17,1287.23,Entertainment,Netflix
2025-11-28,761.19,Bills,Internet
2025-12-29,385.86,Groceries,Milk
2025-09-03,1567.03,Gym,Gym Fee
2026-03-02,4918.99,Subscriptions,Prime Video
2025-06-19,4425.59,Travel,Bus Ticket
2025-10-30,4735.83,Subscriptions,Prime Video
2025-01-08,3868.52,Food,Pizza
2026-05-13,518.19,Subscriptions,Spotify
2025-05-09,1061.45,Travel,Fuel
2026-03-12,895.98,Subscriptions,Spotify
2025-07-16,3062.92,Groceries,Milk
2025-04-03,4536.69,Health,Doctor Visit
2025-12-11,4251.67,Bills,Internet
2025-07-21,2110.75,Subscriptions,Spotify
2025-09-07,3377.88,Health,Medicines
2025-05-28,3124.26,Education,Course
2025-05-09,3536.32,Groceries,Vegetables
2025-12-18,3391.72,Travel,Auto Ride
2025-08-08,87.06,Health,Medicines
2025-07-15,4104.03,Education,Course
2026-01-14,1099.79,Entertainment,Netflix
2026-04-01,4986.44,Shopping,Accessories
2025-09-12,396.04,Groceries,Fruits
2025-06-05,2522.42,Health,Medicines
2025-06-19,2084.89,Education,Books
2025-03-05,1501.26,Bills,Internet
2025-10-17,4464.87,Gym,Supplements
2026-03-15,1122.38,Education,Books
2025-09-09,2807.76,Gym,Gym Fee
2025-02-02,408.59,Shopping,Electronics
2026-01-03,1506.65,Shopping,Accessories
2025-04-19,3511.68,Food,Chicken Roll
2025-05-24,1109.83,Food,Snacks
2026-03-28,1448.92,Bills,Electricity
2026-05-09,1565.7,Travel,Train Ticket
2026-05-15,4284.55,Groceries,Vegetables
2025-11-01,2655.34,Entertainment,Game Purchase
2025-12-29,1901.77,Health,Doctor Visit
2025-01-19,3797.92,Gym,Gym Fee
2026-05-03,423.49,Gym,Supplements
2025-05-01,1818.04,Education,Exam Fee
2025-10-25,101.74,Food,Lunch
2025-04-30,4768.25,Entertainment,Netflix
2025-03-08,4497.55,Health,Doctor Visit
2025-10-03,4398.2,Travel,Auto Ride
2026-03-02,2386.01,Gym,Gym Fee
2026-03-29,4256.41,Food,Coffee
2025-10-31,2899.96,Shopping,Electronics
2026-01-07,324.15,Education,Exam Fee
2025-06-24,1549.08,Food,Chicken Roll
2025-12-27,976.96,Education,Books
2025-06-16,230.45,Shopping,Shoes
2025-11-21,4584.03,Shopping,Clothes
2025-11-21,4197.29,Shopping,Electronics
2026-02-25,1045.37,Bills,Mobile Recharge
2025-01-23,74.71,Travel,Train Ticket
2025-10-12,3486.0,Food,Lunch
2026-02-04,1349.98,Education,Exam Fee
2025-02-02,2632.61,Entertainment,Netflix
2025-10-04,1581.57,Bills,Electricity
2025-03-19,4181.41,Bills,Electricity
2026-01-06,1857.23,Bills,Mobile Recharge
2026-04-24,130.82,Groceries,Fruits
2026-03-09,602.8,Subscriptions,Hotstar
2025-10-08,280.28,Bills,Electricity
2025-12-18,605.01,Entertainment,Game Purchase
2025-11-20,4983.55,Groceries,Rice
2025-05-08,1401.82,Health,Doctor Visit
2026-01-24,888.66,Bills,Internet
2025-03-07,3780.1,Travel,Auto Ride
2025-05-06,392.63,Entertainment,Game Purchase
2025-03-08,3489.33,Education,Exam Fee
2025-05-12,575.54,Groceries,Milk
2025-03-15,1192.2,Subscriptions,Hotstar
2025-05-26,1025.6,Entertainment,Netflix
2025-09-19,4894.34,Entertainment,Game Purchase
2025-10-11,1427.87,Travel,Train Ticket
2026-02-08,1890.26,Travel,Bus Ticket
2026-01-11,3166.31,Health,Protein Powder
2025-09-02,2606.25,Travel,Train Ticket
2025-04-22,3774.98,Bills,Mobile Recharge
2025-12-25,3021.05,Subscriptions,Spotify
2026-05-12,4022.03,Health,Protein Powder
2026-05-15,934.41,Education,Books
2026-03-29,4876.73,Bills,Internet
2025-10-18,907.32,Shopping,Electronics
2025-03-22,4081.96,Education,Course
2025-01-03,1627.51,Subscriptions,Hotstar
2025-11-26,3520.35,Gym,Supplements
2025-10-01,749.92,Groceries,Milk
2025-05-06,3349.47,Subscriptions,Spotify
2026-04-19,2078.92,Entertainment,Game Purchase
2025-05-03,3113.09,Subscriptions,Hotstar
2025-05-28,3699.61,Education,Exam Fee
2026-01-21,2593.08,Entertainment,Movie
2025-01-31,3769.54,Groceries,Milk
2025-10-09,4802.47,Education,Exam Fee
2025-04-27,1248.1,Groceries,Milk
2026-02-14,409.29,Gym,Gym Fee
2025-04-14,2544.2,Food,Coffee
2026-03-12,2538.65,Food,Lunch
2025-03-28,199.62,Bills,Electricity
2025-11-16,3427.48,Groceries,Vegetables
2025-11-15,140.11,Health,Doctor Visit
2025-09-05,4087.54,Food,Snacks
2025-03-28,2424.46,Gym,Shaker Bottle
2025-08-12,1286.16,Gym,Shaker Bottle
2026-04-02,317.8,Food,Snacks
2026-01-27,1760.52,Bills,Internet
2025-03-21,274.96,Food,Snacks
2025-04-04,2977.74,Education,Exam Fee
2025-04-20,1160.59,Subscriptions,Prime Video
2025-04-24,2322.02,Subscriptions,Prime Video
2025-09-09,3680.25,Shopping,Electronics
2025-07-04,534.95,Entertainment,Netflix
2026-05-08,2232.46,Gym,Supplements
2025-11-18,1965.1,Food,Lunch
2025-04-25,4929.64,Entertainment,Concert
2025-08-16,116.87,Travel,Train Ticket
2025-12-10,3475.67,Shopping,Clothes
2025-03-10,2768.42,Subscriptions,Hotstar
2025-12-13,2529.55,Education,Exam Fee
2025-02-11,460.04,Shopping,Shoes
2025-09-23,3312.91,Health,Medicines
2025-04-17,1681.7,Travel,Fuel
2025-01-27,2649.44,Groceries,Milk
2025-10-26,2688.12,Food,Pizza
2026-02-28,1232.21,Education,Exam Fee
2025-04-18,1321.28,Food,Lunch
2025-06-11,2202.57,Health,Doctor Visit
2026-05-09,3014.93,Bills,Electricity
2025-07-15,2745.56,Subscriptions,Prime Video
2026-02-24,1343.34,Groceries,Vegetables
2025-02-22,4549.46,Entertainment,Game Purchase
2025-11-07,920.19,Bills,Internet
2025-07-21,1289.34,Groceries,Fruits
2025-09-10,378.32,Bills,Mobile Recharge
2025-12-21,717.92,Subscriptions,Spotify
2025-11-09,4535.24,Subscriptions,Prime Video
2025-10-22,3242.9,Subscriptions,Prime Video
2026-04-12,4884.87,Food,Coffee
2026-01-23,420.79,Entertainment,Game Purchase
2026-04-07,3826.22,Bills,Mobile Recharge
2025-06-27,3061.28,Health,Protein Powder
2025-09-06,4388.99,Entertainment,Game Purchase
2026-03-19,1675.71,Bills,Mobile Recharge
2025-02-06,2062.35,Shopping,Accessories
2025-01-27,975.06,Subscriptions,Hotstar
2025-04-23,3968.65,Entertainment,Movie
2025-07-21,4116.07,Groceries,Fruits
2025-11-05,1540.5,Food,Lunch
2025-08-08,510.82,Bills,Electricity
2025-01-16,4591.66,Gym,Shaker Bottle
2025-08-18,91.17,Bills,Electricity
2025-09-26,3904.29,Education,Course
2025-12-02,3663.13,Subscriptions,Prime Video
2025-01-03,2871.46,Subscriptions,Spotify
2025-05-07,1160.41,Education,Exam Fee
2025-05-29,3625.92,Travel,Auto Ride
2026-05-07,3368.64,Education,Books
2025-10-26,2555.56,Subscriptions,Hotstar
2025-06-06,2996.55,Gym,Shaker Bottle
2026-02-06,4273.2,Education,Course
2026-05-11,2728.46,Bills,Mobile Recharge
2025-06-01,1139.73,Shopping,Accessories
2025-07-11,404.65,Shopping,Accessories
2026-04-25,2835.53,Bills,Electricity
2025-06-13,1072.94,Entertainment,Movie
2025-08-03,4621.61,Entertainment,Movie
2026-03-11,2280.37,Shopping,Clothes
2026-02-11,3406.25,Education,Course
2025-09-06,2725.46,Bills,Electricity
2025-02-17,1800.17,Entertainment,Game Purchase
2026-02-12,252.53,Health,Doctor Visit
2026-04-23,3089.72,Gym,Shaker Bottle
2026-03-27,1263.48,Education,Exam Fee
2025-12-11,2812.68,Health,Medicines
2025-09-15,4272.58,Bills,Mobile Recharge
2025-11-03,2090.75,Subscriptions,Spotify
2026-01-24,76.12,Health,Doctor Visit
2025-07-23,4635.92,Bills,Electricity
2026-04-23,3739.6,Subscriptions,Prime Video
2025-04-23,2235.39,Bills,Mobile Recharge
2025-12-25,2492.03,Entertainment,Concert
2025-07-04,3078.67,Shopping,Electronics
2026-02-26,4718.22,Food,Snacks
2025-04-05,2668.73,Entertainment,Movie
2025-05-10,1345.21,Food,Snacks
2025-08-07,3418.84,Subscriptions,Hotstar
2025-04-03,2798.69,Education,Books
2025-03-03,4699.07,Health,Doctor Visit
2025-12-18,1476.86,Gym,Shaker Bottle
2025-07-20,4119.82,Bills,Internet
2025-12-14,3729.94,Food,Dinner
2025-08-21,2547.35,Subscriptions,Spotify
2025-02-03,3562.2,Gym,Gym Fee
2025-02-03,3306.41,Subscriptions,Hotstar
2025-07-16,523.99,Food,Chicken Roll
2025-07-28,2139.98,Shopping,Shoes
2026-04-03,4419.67,Shopping,Accessories
2025-05-19,4457.08,Subscriptions,Prime Video
2026-03-22,4960.63,Gym,Shaker Bottle
2025-08-06,2048.39,Travel,Fuel
2026-01-24,576.22,Shopping,Accessories
2025-08-24,179.63,Food,Pizza
2026-01-25,2915.83,Gym,Gym Fee
2025-08-09,55.03,Travel,Train Ticket
2025-02-04,4876.78,Groceries,Vegetables
2026-02-04,4386.67,Health,Doctor Visit
2025-09-02,3229.14,Shopping,Electronics
2026-03-25,3450.2,Education,Exam Fee
2026-01-08,1021.24,Shopping,Shoes
2025-03-08,2028.68,Bills,Internet
2025-08-25,1391.15,Shopping,Shoes
2025-02-01,4967.24,Travel,Train Ticket
2025-03-16,2855.02,Entertainment,Concert
2025-11-11,3670.18,Health,Protein Powder
2025-05-26,1141.47,Travel,Train Ticket
2025-12-25,3548.83,Subscriptions,Spotify
2026-03-20,2240.36,Education,Exam Fee
2025-06-24,3690.13,Health,Doctor Visit
2025-08-27,2200.44,Subscriptions,Hotstar
2026-01-14,4821.66,Education,Exam Fee
2025-01-02,1938.81,Subscriptions,Spotify
2025-01-15,2780.29,Bills,Internet
2025-08-04,2831.43,Bills,Electricity
2026-02-12,4330.76,Shopping,Electronics
2025-05-24,2160.71,Education,Books
2025-12-15,2796.06,Groceries,Rice
2025-10-22,197.68,Bills,Electricity
2026-03-03,1293.89,Groceries,Rice
2025-09-28,3550.27,Travel,Fuel
2025-06-16,95.73,Education,Books
2025-10-01,3873.78,Subscriptions,Prime Video
2026-02-10,4251.41,Travel,Fuel
2025-12-03,4020.98,Travel,Auto Ride
2025-05-24,2611.46,Food,Pizza
2025-02-27,4285.17,Health,Protein Powder
2026-01-09,109.73,Food,Lunch
2025-10-25,3507.54,Health,Doctor Visit
2025-02-06,2159.66,Bills,Electricity
2026-04-05,1106.75,Subscriptions,Prime Video
2026-02-24,3411.77,Bills,Internet
2025-02-18,657.32,Entertainment,Concert
2025-12-31,1259.66,Travel,Fuel
2025-07-06,3658.07,Gym,Supplements
2026-05-03,2824.65,Entertainment,Movie
2025-07-13,2954.74,Entertainment,Game Purchase
2025-09-23,3753.15,Gym,Gym Fee
2025-10-03,1602.98,Shopping,Clothes
2026-05-08,2247.42,Shopping,Shoes
2025-08-02,2420.45,Bills,Mobile Recharge
2026-01-05,123.09,Travel,Train Ticket
2026-04-15,4418.51,Entertainment,Movie
2025-09-13,4196.64,Bills,Internet
2025-03-24,4112.23,Subscriptions,Spotify
2026-01-01,4784.01,Shopping,Clothes
2025-10-31,4662.16,Shopping,Shoes
2025-04-17,2908.86,Travel,Auto Ride
2025-06-29,1505.72,Subscriptions,Hotstar
2026-03-12,2553.27,Travel,Fuel
2025-02-26,3401.77,Food,Coffee
2025-09-23,2291.77,Gym,Supplements
2025-07-15,1059.55,Entertainment,Movie
2025-07-10,3123.06,Gym,Shaker Bottle
2025-05-02,1524.23,Education,Exam Fee
2025-01-31,1367.37,Gym,Shaker Bottle
2025-07-14,1095.36,Groceries,Milk
2025-09-24,2703.44,Food,Snacks
2025-08-30,3105.31,Entertainment,Game Purchase
2026-01-15,847.91,Food,Dinner
2025-01-18,4795.19,Bills,Electricity
2025-02-08,4575.69,Entertainment,Netflix
2026-01-17,984.84,Food,Lunch
2025-02-04,1417.9,Shopping,Shoes
2025-07-20,3058.88,Gym,Gym Fee
2025-07-08,4258.96,Entertainment,Netflix
2025-11-04,124.06,Travel,Bus Ticket
2026-04-14,3919.98,Entertainment,Netflix
2025-01-21,522.95,Subscriptions,Hotstar
2025-04-21,3297.31,Entertainment,Concert
2025-11-08,3361.66,Groceries,Rice
2025-08-11,315.19,Health,Medicines
2025-09-05,641.95,Education,Exam Fee
2025-08-22,4605.15,Entertainment,Concert
2025-02-04,3927.15,Groceries,Milk
2026-03-02,1315.62,Bills,Mobile Recharge
2026-01-01,100.95,Health,Doctor Visit
2026-02-16,2671.55,Food,Snacks
2025-11-15,4363.37,Subscriptions,Prime Video
2025-03-10,2839.59,Shopping,Shoes
2025-09-04,1270.74,Food,Lunch
2025-03-07,4892.25,Shopping,Electronics
2025-02-04,874.04,Groceries,Vegetables
2026-03-18,4377.59,Gym,Shaker Bottle
2025-08-13,709.34,Education,Course
2026-02-28,2581.06,Travel,Fuel
2026-05-07,1781.52,Education,Books
2026-05-03,956.06,Entertainment,Movie
2025-02-19,638.69,Travel,Auto Ride
2025-06-22,790.77,Gym,Supplements
2025-10-15,2688.96,Subscriptions,Spotify
2025-03-24,3472.08,Health,Protein Powder
2026-03-07,2011.33,Health,Doctor Visit
2025-12-19,1725.08,Education,Course
2025-02-06,4427.5,Education,Exam Fee
2026-03-28,4437.38,Entertainment,Netflix
2026-04-16,143.95,Education,Books
2025-06-27,915.32,Shopping,Electronics
2025-11-19,4811.7,Shopping,Clothes
2025-05-31,2852.69,Shopping,Shoes
2025-08-28,3553.08,Subscriptions,Prime Video
2025-06-28,4701.97,Food,Coffee
2026-04-02,4625.69,Food,Snacks
2025-05-16,1258.26,Education,Exam Fee
2025-04-23,3438.24,Health,Protein Powder
2025-11-10,2910.86,Travel,Train Ticket
2026-05-11,1824.81,Gym,Shaker Bottle
2026-04-01,756.06,Travel,Fuel
2025-09-13,1413.12,Gym,Gym Fee
2025-11-17,1200.21,Bills,Electricity
2026-05-04,256.55,Shopping,Clothes
2025-07-15,1571.02,Health,Medicines
2025-11-01,1869.0,Food,Snacks
2025-06-24,1587.16,Gym,Supplements
2026-01-18,4716.43,Shopping,Accessories
2026-01-05,2247.5,Travel,Auto Ride
2025-01-02,3413.22,Subscriptions,Spotify
2026-01-12,1105.21,Gym,Supplements
2025-06-30,2527.63,Education,Course
2025-11-26,1410.92,Subscriptions,Hotstar
2025-09-28,2980.39,Subscriptions,Hotstar
2025-08-21,4327.69,Groceries,Milk
2025-06-24,1222.31,Shopping,Shoes
2025-11-02,865.37,Bills,Mobile Recharge
2025-11-18,1920.65,Groceries,Rice
2025-06-18,2925.46,Groceries,Milk
2025-10-30,577.85,Health,Medicines
2025-01-27,3984.7,Entertainment,Movie
2025-03-25,242.07,Gym,Shaker Bottle
2025-08-28,3684.26,Subscriptions,Hotstar
2025-07-20,1946.38,Shopping,Shoes
2025-06-13,3566.35,Travel,Train Ticket
2025-10-19,4400.09,Shopping,Clothes
2026-03-06,626.75,Health,Protein Powder
2026-04-22,4965.44,Entertainment,Movie
2026-01-05,3797.18,Shopping,Accessories
2026-04-30,1458.57,Health,Doctor Visit
2025-02-24,3783.04,Travel,Auto Ride
2026-04-12,3149.07,Subscriptions,Prime Video
2025-06-12,1397.07,Education,Books
2025-08-27,3342.7,Education,Books
2025-02-20,3767.78,Subscriptions,Prime Video
2025-02-19,497.4,Bills,Internet
2026-03-06,4326.8,Bills,Mobile Recharge
2025-08-09,2080.45,Food,Snacks
2025-04-27,3337.85,Travel,Train Ticket
2025-07-04,548.42,Entertainment,Netflix
2025-07-19,2816.93,Bills,Mobile Recharge
2025-06-01,2918.37,Health,Doctor Visit
2025-04-25,3482.8,Food,Pizza
2025-02-08,1048.26,Health,Doctor Visit
2025-04-17,2439.71,Education,Books
2025-04-01,1152.16,Health,Medicines
2025-03-01,190.16,Groceries,Fruits
2026-03-03,1942.68,Subscriptions,Spotify
2026-02-27,2187.72,Entertainment,Movie
2025-09-22,1310.75,Entertainment,Concert
2026-04-29,4950.21,Health,Medicines
2025-01-04,3938.09,Entertainment,Netflix
2025-08-26,4526.21,Bills,Internet
2026-02-13,357.33,Bills,Electricity
2026-04-07,329.15,Health,Medicines
2026-03-06,3636.65,Gym,Gym Fee
2025-07-24,1990.5,Groceries,Vegetables
2026-03-04,2636.14,Food,Dinner
2026-03-07,4040.87,Gym,Shaker Bottle
2025-02-19,3974.08,Health,Doctor Visit
2025-06-05,1549.9,Entertainment,Concert
2026-02-18,2212.0,Gym,Gym Fee
2026-03-12,4459.36,Subscriptions,Prime Video
2025-11-15,1953.98,Shopping,Electronics
2025-07-08,3272.07,Bills,Internet
2025-06-04,3384.54,Food,Coffee
2025-02-03,1500.36,Bills,Internet
2025-11-23,2500.33,Health,Medicines
2025-08-20,2173.87,Gym,Shaker Bottle
2025-11-04,1067.37,Subscriptions,Spotify
2025-08-15,1842.27,Gym,Gym Fee
2025-07-08,1627.67,Bills,Electricity
2025-08-21,2305.17,Subscriptions,Prime Video
2026-01-09,571.58,Shopping,Accessories
2025-04-23,806.7,Education,Exam Fee
2025-04-28,3478.02,Groceries,Milk
2025-08-06,3629.42,Travel,Auto Ride
2026-01-20,831.49,Groceries,Milk
2025-07-03,544.23,Travel,Auto Ride
2025-05-21,1719.09,Groceries,Milk
2025-07-05,1159.11,Shopping,Electronics
2025-02-28,1543.72,Gym,Shaker Bottle
2026-04-29,4682.87,Education,Books
2025-07-21,3355.04,Gym,Shaker Bottle
2025-02-18,834.27,Education,Books
2025-02-02,2101.77,Food,Chicken Roll
2026-02-05,1191.3,Health,Protein Powder
2025-08-01,4759.58,Education,Books
2025-02-03,3806.42,Gym,Shaker Bottle
2026-02-11,1037.95,Entertainment,Game Purchase
2025-01-22,1440.92,Travel,Fuel
2025-09-12,2018.02,Entertainment,Movie
2025-01-17,2658.58,Subscriptions,Hotstar
2025-08-05,1364.76,Entertainment,Concert
2025-09-28,1191.27,Entertainment,Game Purchase
2025-04-01,2460.02,Gym,Supplements
2025-08-14,200.26,Education,Exam Fee
2025-05-04,1377.68,Bills,Mobile Recharge
2026-05-02,4163.38,Subscriptions,Hotstar
2025-03-28,1573.05,Subscriptions,Hotstar
2025-05-19,673.43,Gym,Gym Fee
2026-02-21,359.29,Health,Doctor Visit
2025-04-02,4229.23,Travel,Fuel
2025-12-13,3450.01,Groceries,Milk
2025-05-21,3748.35,Gym,Supplements
2025-03-24,660.09,Shopping,Accessories
2025-09-05,4319.42,Education,Books
2025-05-12,3503.71,Education,Exam Fee
2025-06-07,3712.19,Entertainment,Game Purchase
2025-05-16,4944.31,Shopping,Accessories
2025-12-24,1394.76,Groceries,Rice
2025-08-13,4889.33,Food,Dinner
2025-05-23,2556.21,Groceries,Rice
2025-06-03,1088.95,Groceries,Fruits
2025-07-18,1460.19,Shopping,Electronics
2025-10-11,146.06,Subscriptions,Prime Video
2025-07-02,1353.24,Health,Protein Powder
2026-05-07,903.42,Education,Books
2026-01-21,648.7,Education,Course
2025-08-25,1758.03,Food,Coffee
2025-12-19,1041.81,Entertainment,Concert
2025-03-03,480.14,Entertainment,Netflix
2025-06-15,3884.13,Shopping,Shoes
2025-12-20,3787.55,Gym,Supplements
2026-04-10,2680.01,Groceries,Milk
2025-10-30,1303.15,Gym,Shaker Bottle
2025-07-31,518.54,Subscriptions,Prime Video
2025-03-04,2530.73,Health,Doctor Visit
2025-10-26,1547.15,Gym,Gym Fee
2025-08-29,2036.11,Bills,Electricity
2025-05-01,4898.45,Travel,Bus Ticket
2026-04-10,3524.38,Health,Protein Powder
2025-10-21,2045.99,Entertainment,Netflix
2025-02-21,1989.11,Education,Exam Fee
2026-02-23,4947.71,Bills,Electricity
2025-11-30,2911.76,Groceries,Rice
2025-08-24,4509.62,Travel,Train Ticket
2025-05-11,277.0,Health,Protein Powder
2026-04-29,4970.86,Groceries,Vegetables
2025-12-26,4274.9,Bills,Internet
2025-12-10,4261.88,Shopping,Accessories
2025-09-03,3806.81,Shopping,Clothes
2025-12-16,1442.04,Bills,Mobile Recharge
2026-03-12,1122.48,Food,Pizza
2025-10-31,1018.5,Subscriptions,Prime Video
2026-02-10,1979.2,Food,Chicken Roll
2026-04-15,4471.72,Bills,Mobile Recharge
2025-06-27,2988.96,Bills,Electricity
2026-03-26,2769.41,Food,Pizza
2026-03-13,1967.74,Gym,Gym Fee
2025-12-29,2349.48,Subscriptions,Prime Video
2025-07-14,1594.2,Travel,Train Ticket
2026-02-01,1825.27,Bills,Mobile Recharge
2026-03-31,79.44,Entertainment,Game Purchase
2026-04-22,3502.69,Subscriptions,Hotstar
2025-12-08,1012.47,Entertainment,Movie
2025-08-24,1229.5,Health,Medicines
2025-01-11,3106.58,Shopping,Electronics
2026-01-09,4977.01,Shopping,Clothes
2025-12-15,320.42,Groceries,Fruits
2025-01-28,4501.74,Entertainment,Game Purchase
2026-04-10,2126.22,Travel,Fuel
2025-06-13,2958.85,Food,Dinner
2025-09-24,417.51,Bills,Electricity
2025-01-23,776.25,Bills,Mobile Recharge
2025-03-22,1765.85,Shopping,Shoes
2026-03-31,346.95,Travel,Fuel
2025-12-06,3661.02,Subscriptions,Spotify
2025-05-28,2496.93,Travel,Fuel
2025-08-09,645.43,Gym,Supplements
2026-01-04,4076.24,Groceries,Vegetables
2025-04-04,2029.82,Health,Doctor Visit
2026-05-02,3652.19,Travel,Train Ticket
2025-01-19,3083.96,Bills,Internet
2026-01-04,2013.81,Health,Protein Powder
2026-04-28,359.22,Entertainment,Concert
2025-06-25,1246.96,Entertainment,Concert
2025-02-04,3291.42,Health,Medicines
2025-05-08,412.78,Health,Protein Powder
2026-01-20,4018.27,Groceries,Fruits
2026-02-20,3407.32,Subscriptions,Prime Video
2025-05-30,418.99,Subscriptions,Prime Video
2026-01-17,749.42,Entertainment,Concert
2025-11-09,1747.34,Subscriptions,Prime Video
2025-01-31,1886.49,Gym,Gym Fee
2026-03-31,4047.96,Subscriptions,Hotstar
2025-12-24,1062.06,Education,Course
2025-01-05,3618.83,Subscriptions,Prime Video
2025-08-10,3620.78,Travel,Fuel
2025-04-17,4453.22,Food,Lunch
2026-03-16,2992.12,Bills,Electricity
2025-03-26,162.51,Health,Protein Powder
2025-09-04,2615.44,Gym,Supplements
2026-01-23,3567.86,Education,Course
2026-03-09,3716.59,Entertainment,Game Purchase
2025-12-06,2080.64,Health,Doctor Visit
2026-02-27,1283.92,Education,Exam Fee
2025-09-01,1199.73,Food,Lunch
2025-12-25,3113.95,Subscriptions,Prime Video
2025-05-18,1079.84,Groceries,Milk
2026-04-18,2620.55,Entertainment,Game Purchase
2025-04-25,4697.31,Education,Exam Fee
2026-02-17,3390.7,Travel,Train Ticket
2026-04-04,1627.64,Gym,Shaker Bottle
2025-10-17,1702.29,Gym,Supplements
2025-08-20,1461.71,Subscriptions,Prime Video
2025-10-13,2047.69,Entertainment,Netflix
2025-06-14,4783.55,Groceries,Fruits
2025-10-07,3901.16,Groceries,Milk
2025-11-30,2855.78,Travel,Train Ticket
2025-11-03,635.03,Shopping,Accessories
2026-03-23,3402.99,Health,Medicines
2025-08-26,2362.21,Shopping,Clothes
2025-03-17,4671.93,Subscriptions,Prime Video
2026-02-17,399.37,Entertainment,Movie
2026-02-15,2815.43,Food,Chicken Roll
2025-09-20,2827.93,Education,Books
2025-02-11,1347.45,Subscriptions,Spotify
2026-01-18,1621.52,Food,Coffee
2025-11-27,1516.42,Groceries,Milk
2026-05-16,4229.09,Travel,Fuel
2025-06-01,2072.19,Health,Protein Powder
2025-05-09,2803.59,Food,Dinner
2025-07-16,183.16,Health,Protein Powder
2025-08-06,671.71,Gym,Gym Fee
2025-02-22,2831.07,Education,Exam Fee
2025-08-10,4149.35,Shopping,Clothes
2025-12-18,3841.36,Entertainment,Game Purchase
2025-01-04,2443.39,Entertainment,Netflix
2025-10-25,282.54,Groceries,Milk
2025-12-23,2214.07,Gym,Shaker Bottle
2025-03-25,3747.91,Entertainment,Movie
2025-05-30,4923.34,Food,Lunch
2025-11-23,429.02,Health,Doctor Visit
2025-03-14,2225.63,Gym,Shaker Bottle
2026-02-28,3788.55,Bills,Mobile Recharge
2026-02-11,1665.78,Travel,Bus Ticket
2026-02-06,2060.43,Bills,Electricity
2025-05-06,2490.04,Groceries,Fruits
2025-05-11,3993.76,Food,Snacks
2026-03-22,1994.28,Gym,Gym Fee
2026-01-09,3747.53,Food,Snacks
2026-05-14,3910.29,Subscriptions,Hotstar
2025-05-18,4969.03,Food,Lunch
2026-01-06,3795.16,Groceries,Fruits
2025-10-18,4599.19,Education,Course
2025-02-26,4179.2,Travel,Train Ticket
2025-09-16,326.25,Entertainment,Concert
2025-10-07,152.98,Education,Exam Fee
2025-07-01,4332.44,Entertainment,Netflix
2025-10-20,1162.86,Travel,Bus Ticket
2025-07-27,2317.33,Groceries,Vegetables
2025-01-31,2092.75,Health,Protein Powder
2025-06-02,2107.35,Education,Course
2025-03-03,3428.49,Groceries,Milk
2026-01-11,3894.43,Health,Medicines
2025-06-19,3708.49,Travel,Bus Ticket
2026-01-09,4307.67,Groceries,Vegetables
2025-11-14,1166.62,Travel,Bus Ticket
2026-02-27,3665.27,Bills,Electricity
2026-01-07,1337.73,Entertainment,Netflix
2025-11-30,775.0,Shopping,Clothes
2025-01-09,4267.0,Travel,Auto Ride
2026-03-12,533.68,Subscriptions,Spotify
2025-03-26,124.38,Bills,Electricity
2026-01-01,2627.38,Bills,Mobile Recharge
2025-02-15,1235.18,Food,Dinner
2025-03-29,3348.99,Education,Books
2025-04-10,550.66,Travel,Bus Ticket
2025-11-16,3373.14,Food,Lunch
2026-03-06,4445.18,Health,Doctor Visit
2025-01-27,1904.25,Travel,Auto Ride
2025-02-22,4842.92,Bills,Internet
2025-06-27,1526.7,Travel,Auto Ride
2026-05-07,3403.45,Gym,Shaker Bottle
2026-05-01,1275.13,Travel,Train Ticket
2025-05-25,1253.05,Travel,Fuel
2025-03-09,4277.84,Shopping,Clothes
2025-11-07,3711.25,Subscriptions,Prime Video
2025-03-13,2174.88,Entertainment,Movie
2025-12-22,3055.44,Health,Doctor Visit
2025-11-10,3800.38,Gym,Supplements
2025-04-25,4934.85,Groceries,Fruits
2026-03-03,2566.44,Education,Exam Fee
2025-11-28,3814.64,Entertainment,Concert
2025-06-15,4992.83,Groceries,Vegetables
2025-05-23,2027.07,Bills,Internet
2025-04-11,1634.11,Health,Doctor Visit
2025-01-14,1142.15,Subscriptions,Hotstar
2026-03-20,3695.54,Bills,Mobile Recharge
2025-10-08,4994.26,Travel,Train Ticket
2026-01-13,4488.71,Health,Protein Powder
2026-04-20,4550.34,Entertainment,Netflix
2026-02-12,921.96,Food,Dinner
2025-07-14,3562.27,Food,Snacks
2026-03-27,925.5,Travel,Auto Ride
2025-06-14,1074.66,Health,Doctor Visit
2025-03-05,2511.26,Shopping,Accessories
2026-04-02,3104.99,Subscriptions,Prime Video
2025-05-11,1147.44,Food,Chicken Roll
2026-04-27,2980.39,Shopping,Clothes
2026-04-20,4052.68,Subscriptions,Hotstar
2025-12-11,267.51,Food,Pizza
2025-12-31,830.57,Subscriptions,Spotify
2026-04-13,4251.68,Travel,Train Ticket
2026-03-12,2827.21,Travel,Fuel
2026-04-22,1017.53,Health,Doctor Visit
2025-08-12,2222.15,Subscriptions,Spotify
2025-04-03,689.66,Travel,Auto Ride
2025-09-23,2400.94,Health,Protein Powder
2025-05-03,632.98,Entertainment,Netflix
2025-11-23,2495.63,Gym,Shaker Bottle
2025-05-21,2326.97,Health,Protein Powder
2025-09-20,148.92,Subscriptions,Spotify
2025-04-21,383.64,Entertainment,Game Purchase
2025-04-16,3275.81,Health,Doctor Visit
2025-06-30,2301.93,Health,Doctor Visit
2025-10-18,349.04,Travel,Auto Ride
2026-03-26,1128.56,Bills,Electricity
2025-03-22,702.47,Groceries,Vegetables
2025-08-06,4117.07,Health,Medicines
2026-02-08,610.51,Education,Books
2025-09-26,3451.07,Health,Protein Powder
2025-07-15,2022.08,Bills,Mobile Recharge
2025-01-08,3548.88,Health,Doctor Visit
2025-06-12,3191.47,Groceries,Fruits
2025-06-02,3129.35,Shopping,Electronics
2025-01-20,665.66,Travel,Train Ticket
2025-09-11,4358.8,Education,Course
2025-05-30,3917.63,Shopping,Clothes
2025-07-24,1325.83,Food,Lunch
2026-03-07,3142.55,Education,Exam Fee
2025-06-29,4180.42,Entertainment,Movie
2025-02-24,2351.39,Groceries,Fruits
2026-01-30,4965.06,Shopping,Electronics
2026-02-12,3805.02,Food,Dinner
2026-02-08,4253.08,Food,Lunch
2026-02-11,3107.74,Groceries,Vegetables
2025-01-24,4807.52,Subscriptions,Prime Video
2025-09-20,3822.44,Groceries,Vegetables
2025-01-19,3577.52,Entertainment,Game Purchase
2025-09-15,4452.58,Gym,Shaker Bottle
2025-02-22,1587.22,Education,Course
2025-06-04,277.6,Subscriptions,Prime Video
2026-03-25,4288.9,Bills,Mobile Recharge
2026-02-01,4128.15,Subscriptions,Hotstar
2025-01-18,126.54,Subscriptions,Hotstar
2026-03-05,4832.64,Education,Books
2025-12-23,4117.72,Bills,Mobile Recharge
2025-05-05,2477.05,Gym,Gym Fee
2025-05-30,2635.08,Travel,Train Ticket
2025-07-28,4636.43,Food,Lunch
2025-02-11,4827.76,Entertainment,Game Purchase
2025-06-07,2847.26,Travel,Auto Ride
2025-02-26,1888.94,Subscriptions,Hotstar
2025-01-11,4954.65,Groceries,Rice
2025-12-31,1659.24,Travel,Auto Ride
2025-01-15,2984.79,Entertainment,Movie
2025-10-17,3380.38,Travel,Auto Ride
2025-04-17,3495.56,Education,Books
2025-11-15,3764.59,Travel,Bus Ticket
2025-02-21,210.28,Travel,Train Ticket
2025-08-22,4772.03,Bills,Mobile Recharge
2026-05-12,1720.88,Travel,Fuel
2025-06-08,2430.47,Education,Course
2025-01-20,2236.34,Entertainment,Concert
2026-01-30,1233.25,Bills,Internet
2025-03-19,3312.71,Education,Exam Fee
2025-11-02,2180.55,Education,Exam Fee
2025-09-22,2909.3,Groceries,Milk
2025-06-10,1262.79,Gym,Supplements
2025-11-15,3930.89,Education,Exam Fee
2025-07-19,1971.0,Subscriptions,Prime Video
2025-10-16,594.59,Health,Doctor Visit
2026-04-27,3761.17,Food,Snacks
2025-03-18,2944.03,Travel,Train Ticket
2025-05-30,942.2,Gym,Gym Fee
2025-07-19,2465.37,Subscriptions,Hotstar
2025-07-31,972.51,Food,Lunch
2025-03-29,3931.36,Bills,Internet
2025-01-13,1995.38,Gym,Gym Fee
2025-12-22,1397.19,Travel,Bus Ticket
2025-03-30,2618.33,Entertainment,Concert
2026-04-18,3936.25,Health,Doctor Visit
2025-10-04,4142.73,Gym,Supplements
2025-02-02,3100.32,Education,Books
2025-04-06,4297.29,Shopping,Electronics
2025-12-06,531.19,Bills,Mobile Recharge
2026-03-15,2819.55,Gym,Shaker Bottle
2025-12-22,3436.55,Shopping,Electronics
2025-04-10,2657.99,Bills,Mobile Recharge
2025-12-10,128.98,Education,Books
2025-03-30,3648.2,Subscriptions,Spotify
2025-02-24,594.6,Education,Books
2025-03-18,915.69,Groceries,Vegetables
2025-12-02,932.05,Groceries,Fruits
2025-03-31,3365.2,Subscriptions,Hotstar
2025-07-12,944.76,Shopping,Accessories
2025-08-20,1722.67,Groceries,Milk
2025-12-14,3878.26,Health,Doctor Visit
2025-10-22,3420.77,Bills,Internet
2025-12-01,2708.67,Subscriptions,Prime Video
2025-10-01,3541.62,Groceries,Milk
2025-09-26,385.67,Food,Snacks
2025-09-16,1888.14,Shopping,Clothes
2026-02-28,3888.71,Health,Medicines
2025-08-25,1991.02,Shopping,Accessories
2025-12-03,438.43,Food,Snacks
2025-10-19,3085.54,Bills,Electricity
2025-09-10,2482.18,Food,Snacks
2025-08-04,3597.5,Gym,Shaker Bottle
2025-02-11,397.76,Bills,Mobile Recharge
2025-11-09,3809.3,Gym,Gym Fee
2026-04-23,1009.06,Subscriptions,Spotify
2025-07-24,86.71,Gym,Shaker Bottle
2025-05-10,4541.43,Subscriptions,Prime Video
2025-12-02,2681.93,Health,Doctor Visit
2025-02-26,1329.78,Shopping,Electronics
2026-01-02,2517.02,Groceries,Fruits
2025-02-14,1450.98,Bills,Electricity
2025-01-27,2152.82,Subscriptions,Prime Video
2025-05-09,1820.38,Subscriptions,Hotstar
2026-01-04,634.33,Groceries,Fruits
2025-03-30,3411.74,Entertainment,Netflix
2025-09-24,2690.89,Subscriptions,Hotstar
2025-01-22,3581.68,Entertainment,Game Purchase
2025-12-20,3574.17,Education,Books
2025-12-11,4189.22,Travel,Bus Ticket
2025-01-06,4422.62,Subscriptions,Spotify
2026-03-30,527.06,Subscriptions,Hotstar
2026-04-25,1043.96,Shopping,Accessories
2026-04-05,4795.29,Shopping,Accessories
2026-04-16,1874.99,Bills,Internet
2025-01-25,2732.55,Shopping,Electronics
2026-01-01,1948.84,Shopping,Accessories
2026-03-23,2053.42,Food,Lunch
2026-01-27,855.18,Travel,Train Ticket
2025-09-10,3893.69,Health,Medicines
2025-09-28,1058.4,Travel,Fuel
2025-03-17,3020.45,Shopping,Accessories
2025-05-22,3942.23,Bills,Electricity
2025-08-06,62.94,Food,Coffee
2025-04-15,3955.2,Shopping,Accessories
2025-06-30,3058.58,Entertainment,Netflix
2025-10-13,1193.95,Bills,Mobile Recharge
2025-12-05,118.25,Gym,Gym Fee
2025-04-06,374.2,Health,Protein Powder
2025-07-06,2438.34,Groceries,Milk
2025-04-22,1675.18,Groceries,Fruits
2025-05-07,2277.29,Education,Course
2025-10-31,4822.0,Food,Snacks
2025-02-12,1727.43,Subscriptions,Prime Video
2025-08-08,4565.91,Health,Medicines
2025-02-11,3681.21,Education,Exam Fee
2025-07-09,2064.38,Subscriptions,Spotify
2025-12-13,3492.13,Travel,Auto Ride
2025-10-30,1281.0,Travel,Auto Ride
2026-01-18,4126.38,Health,Doctor Visit
2026-02-13,529.29,Food,Lunch
2025-12-23,1861.15,Travel,Auto Ride
2025-04-05,2767.88,Bills,Internet
2025-03-24,1172.35,Food,Chicken Roll
2025-09-25,3441.15,Education,Books
2025-04-17,2311.49,Gym,Supplements
2025-05-20,2990.26,Bills,Electricity
2025-04-15,1911.2,Food,Dinner
2025-05-16,4660.28,Health,Protein Powder
2025-11-10,2895.15,Education,Course
2025-02-22,2615.78,Education,Books
2026-04-29,3246.67,Shopping,Electronics
2025-02-22,3046.04,Entertainment,Game Purchase
2025-12-23,1554.1,Food,Lunch
2025-05-09,927.44,Bills,Mobile Recharge
2025-11-25,4283.62,Food,Chicken Roll
2025-11-14,3561.81,Subscriptions,Hotstar
2025-09-14,976.48,Travel,Train Ticket
2025-12-24,433.7,Bills,Mobile Recharge
2025-04-16,1537.39,Shopping,Clothes
2025-07-14,2364.66,Bills,Electricity
2025-02-24,4151.22,Entertainment,Netflix
2025-06-06,4053.26,Shopping,Accessories
2026-01-18,3764.1,Bills,Internet
2025-08-12,188.16,Education,Exam Fee
2026-02-20,3080.19,Gym,Gym Fee
2025-01-13,622.07,Travel,Fuel
2025-06-22,3754.13,Shopping,Accessories
2026-02-01,1375.62,Entertainment,Netflix
2025-02-09,4310.43,Gym,Shaker Bottle
2026-04-28,2372.27,Subscriptions,Prime Video
2025-09-03,4469.35,Food,Pizza
2025-08-03,3823.36,Food,Snacks
2025-06-30,1294.72,Bills,Electricity
2026-03-13,4994.36,Health,Medicines
2025-08-03,408.72,Groceries,Vegetables
2025-08-14,3203.56,Subscriptions,Hotstar
2025-07-24,2921.71,Food,Coffee
2025-01-10,2054.86,Health,Medicines
2025-05-08,1647.31,Entertainment,Game Purchase
2025-02-28,2116.78,Health,Protein Powder
2025-01-17,2543.24,Travel,Train Ticket
2025-11-30,2305.04,Shopping,Clothes
2025-05-02,2835.56,Travel,Fuel
2026-05-12,2202.14,Groceries,Rice
2025-06-24,2247.53,Groceries,Fruits
2025-12-24,3200.63,Subscriptions,Hotstar
2026-03-15,3393.81,Shopping,Electronics
2026-05-09,1568.89,Bills,Mobile Recharge
2026-03-22,3690.54,Subscriptions,Prime Video
2025-11-18,4328.49,Health,Doctor Visit
2025-07-02,1057.3,Health,Protein Powder
2026-05-04,557.74,Gym,Shaker Bottle
2025-02-17,3132.62,Groceries,Rice
2026-02-26,1116.66,Education,Course
2026-01-17,2581.63,Subscriptions,Hotstar
2025-12-21,4495.17,Shopping,Clothes
2025-07-29,1690.63,Gym,Gym Fee
2025-11-08,3505.67,Subscriptions,Prime Video
2025-01-20,2681.52,Food,Lunch
2025-05-09,1067.99,Health,Doctor Visit
2025-06-08,1476.46,Gym,Shaker Bottle
2025-09-29,946.41,Entertainment,Movie
2025-03-07,304.4,Food,Dinner
2026-03-28,3584.36,Health,Doctor Visit
2025-03-07,2433.22,Shopping,Shoes
2025-03-28,2423.15,Subscriptions,Hotstar
2026-05-15,3113.3,Travel,Fuel
2025-03-14,818.93,Food,Coffee
2025-02-21,2185.33,Entertainment,Game Purchase
2026-04-15,1174.16,Entertainment,Movie
2025-03-10,339.82,Bills,Mobile Recharge
2026-02-28,4438.75,Shopping,Clothes
2026-01-21,468.79,Gym,Shaker Bottle
2025-10-29,1796.04,Subscriptions,Hotstar
2025-01-11,2534.04,Entertainment,Movie
2025-04-03,4197.05,Bills,Mobile Recharge
2025-12-12,3796.87,Food,Chicken Roll
2025-07-21,1067.73,Food,Dinner
2025-07-01,1582.19,Food,Dinner
2025-02-25,343.78,Education,Exam Fee
2025-07-30,4063.24,Shopping,Clothes
2025-07-18,4532.35,Education,Books
2025-06-20,76.98,Shopping,Electronics
2025-05-24,3097.04,Gym,Shaker Bottle
2026-01-02,3278.68,Shopping,Accessories
2026-03-21,1316.88,Subscriptions,Hotstar
2025-03-04,1223.22,Entertainment,Game Purchase
2025-03-31,4332.69,Gym,Shaker Bottle
2025-07-23,3663.0,Gym,Shaker Bottle
2026-05-14,2447.11,Health,Protein Powder
2025-06-11,1433.97,Health,Protein Powder
2025-04-18,2203.34,Food,Lunch
2025-12-27,2719.0,Subscriptions,Hotstar
2025-06-05,2649.49,Travel,Train Ticket
2026-04-18,2668.97,Entertainment,Concert
2026-04-09,1263.16,Education,Exam Fee
2025-11-23,4521.35,Subscriptions,Hotstar
2025-07-30,2108.32,Groceries,Milk
2025-04-03,3284.39,Health,Protein Powder
2026-03-11,1208.88,Travel,Bus Ticket
2025-12-08,2287.42,Travel,Auto Ride
2025-02-28,4800.44,Entertainment,Game Purchase
2025-06-05,4934.85,Health,Protein Powder
2025-03-01,900.2,Food,Snacks
2026-05-02,3934.2,Subscriptions,Prime Video
2025-01-09,4171.27,Gym,Shaker Bottle
2025-04-12,1717.06,Food,Dinner
2026-04-13,4028.3,Shopping,Accessories
2025-02-22,4729.8,Shopping,Electronics
2025-04-23,4734.02,Bills,Internet
2025-10-09,3463.56,Subscriptions,Hotstar
2026-01-12,4677.05,Bills,Mobile Recharge
2025-01-22,926.76,Shopping,Clothes
2025-05-17,3581.21,Entertainment,Game Purchase
2026-04-29,2818.83,Gym,Supplements
2025-07-13,3086.75,Shopping,Clothes
2025-09-01,1618.26,Bills,Electricity
2025-03-05,4364.91,Entertainment,Movie
2025-12-07,2239.33,Education,Exam Fee
2025-05-23,3271.89,Entertainment,Netflix
2025-04-18,2951.65,Entertainment,Movie
2025-11-12,2752.9,Bills,Internet
2025-04-15,1820.92,Education,Course
2025-11-27,1954.3,Bills,Mobile Recharge
2025-10-20,1022.98,Food,Snacks
2025-06-15,708.38,Bills,Electricity
2025-02-01,4933.32,Food,Lunch
2026-03-04,478.44,Travel,Train Ticket
2025-10-04,3866.71,Travel,Bus Ticket
2026-01-14,2366.81,Entertainment,Game Purchase
2026-03-30,2363.2,Bills,Mobile Recharge
2025-02-23,1374.1,Shopping,Electronics
2025-11-12,4850.24,Groceries,Vegetables
2026-04-28,900.63,Gym,Shaker Bottle
2026-01-30,3885.24,Groceries,Fruits
2025-10-12,340.32,Subscriptions,Hotstar
2025-04-27,3487.0,Travel,Bus Ticket
2026-04-15,3474.72,Health,Medicines
2025-11-09,2370.65,Travel,Bus Ticket
2025-05-31,2205.95,Education,Exam Fee
2025-01-10,3836.71,Shopping,Shoes
2025-02-07,1679.71,Gym,Gym Fee
2026-02-08,721.49,Education,Books
2025-04-26,3014.82,Bills,Electricity
2025-05-29,4748.83,Groceries,Vegetables
2025-11-17,3160.96,Shopping,Electronics
2025-09-01,3348.07,Shopping,Electronics
2025-09-24,4826.77,Food,Dinner
2026-04-15,1096.75,Food,Snacks
2025-03-10,3196.42,Entertainment,Movie
2025-11-27,3761.7,Groceries,Rice
2025-07-19,3353.6,Health,Protein Powder
2025-12-01,2875.95,Education,Course
2025-04-17,4400.15,Travel,Train Ticket
2025-01-03,3985.5,Travel,Fuel
2025-11-03,4575.25,Travel,Auto Ride
2026-02-05,1280.23,Food,Dinner
2025-09-10,2083.34,Shopping,Clothes
2025-06-25,1225.28,Shopping,Accessories
2025-01-28,256.42,Health,Doctor Visit
2026-01-03,4809.21,Subscriptions,Prime Video
2026-05-09,3076.63,Groceries,Fruits
2025-05-31,4922.69,Subscriptions,Hotstar
2026-02-05,2236.79,Subscriptions,Hotstar
2025-09-30,3791.51,Health,Medicines
2025-06-30,4999.94,Education,Course
2026-03-23,1455.99,Groceries,Vegetables
2026-02-11,2906.91,Food,Lunch
2026-01-09,255.06,Bills,Electricity
2025-08-20,167.93,Shopping,Shoes
2025-12-22,4421.97,Subscriptions,Spotify
2025-10-22,3974.24,Subscriptions,Prime Video
2025-05-11,3704.05,Subscriptions,Spotify
2025-10-10,4549.6,Subscriptions,Prime Video
2026-04-07,1586.1,Gym,Supplements
2025-08-17,2595.58,Travel,Auto Ride
2025-06-17,4400.52,Education,Course
2026-01-31,3311.16,Health,Medicines
2025-10-26,3537.13,Travel,Bus Ticket
2025-07-28,499.1,Subscriptions,Hotstar
2025-09-13,3865.46,Health,Doctor Visit
2025-10-12,717.39,Groceries,Vegetables
2025-12-30,1152.24,Groceries,Rice
2025-08-15,4590.44,Groceries,Milk
2025-04-24,3184.76,Subscriptions,Hotstar
2025-05-06,4385.19,Entertainment,Netflix
2026-03-07,1002.13,Entertainment,Game Purchase
2026-03-07,4026.7,Entertainment,Concert
2026-01-17,555.57,Entertainment,Game Purchase
2025-09-14,4821.13,Shopping,Clothes
2025-11-26,4725.38,Groceries,Milk
2025-10-06,2356.21,Food,Chicken Roll
2026-03-01,915.34,Bills,Electricity
2025-11-23,1679.16,Entertainment,Netflix
2025-10-04,4197.69,Gym,Gym Fee
2025-01-27,330.0,Food,Coffee
2025-04-17,1911.19,Entertainment,Netflix
2025-01-06,1425.77,Shopping,Clothes
2026-04-30,1195.93,Groceries,Vegetables
2025-05-11,672.06,Education,Exam Fee
2026-01-23,3459.24,Entertainment,Game Purchase
2025-06-19,3540.59,Entertainment,Game Purchase
2026-04-26,2709.46,Groceries,Vegetables
2025-04-01,685.89,Gym,Shaker Bottle
2025-05-13,3902.84,Subscriptions,Prime Video
2026-02-07,3416.34,Education,Course
2026-01-09,555.35,Gym,Gym Fee
2026-03-07,221.71,Gym,Gym Fee
2025-05-23,1037.67,Bills,Mobile Recharge
2025-05-09,3915.47,Education,Exam Fee
2025-04-17,2278.52,Travel,Fuel
2025-07-02,144.37,Travel,Bus Ticket
2026-01-20,3292.5,Entertainment,Concert
2025-01-09,473.43,Subscriptions,Prime Video
2025-11-07,2407.96,Groceries,Vegetables
2025-10-04,872.81,Education,Exam Fee
2025-12-05,2769.29,Gym,Shaker Bottle
2025-08-17,1842.38,Health,Protein Powder
2025-12-27,3620.58,Gym,Gym Fee
2025-12-09,1186.21,Subscriptions,Hotstar
2025-07-21,4993.1,Gym,Shaker Bottle
2026-05-02,1360.55,Bills,Internet
2026-03-11,1288.31,Education,Exam Fee
2026-01-07,4016.36,Education,Books
2026-01-21,643.69,Travel,Train Ticket
2025-09-24,3464.47,Education,Course
2025-01-16,4703.73,Groceries,Rice
2025-05-09,2232.18,Bills,Electricity
2025-08-19,3370.55,Health,Medicines
2025-12-05,3995.04,Education,Books
2025-04-05,3055.04,Health,Protein Powder
2025-09-14,214.79,Food,Pizza
2025-01-10,1082.33,Shopping,Electronics
2025-05-17,2844.72,Subscriptions,Hotstar
2025-09-19,3258.95,Bills,Internet
2026-04-14,4926.67,Health,Protein Powder
2025-10-02,525.49,Bills,Mobile Recharge
2025-05-22,872.48,Health,Medicines
2026-02-10,4589.69,Education,Exam Fee
2025-07-17,56.42,Education,Exam Fee
2025-03-16,3812.79,Bills,Internet
2026-02-18,760.93,Food,Lunch
2025-11-08,748.4,Bills,Internet
2025-08-19,2358.37,Groceries,Milk
2025-06-25,1465.62,Groceries,Rice
2026-01-08,4598.89,Travel,Train Ticket
2026-04-25,127.62,Subscriptions,Prime Video
2025-03-30,2690.22,Health,Medicines
2025-01-03,192.52,Subscriptions,Spotify
2025-04-03,1597.82,Entertainment,Movie
2025-05-15,3846.32,Education,Course
2025-07-04,2269.87,Shopping,Electronics
2025-08-27,3452.65,Travel,Train Ticket
2025-06-28,3559.09,Travel,Bus Ticket
2025-10-29,4273.33,Shopping,Clothes
2026-02-22,153.63,Shopping,Shoes
2026-04-14,1814.0,Health,Doctor Visit
2026-04-13,2165.12,Bills,Electricity
2025-04-22,1313.3,Food,Lunch
2025-01-04,4689.68,Food,Snacks
2025-07-27,2294.6,Entertainment,Concert
2025-11-30,4059.82,Gym,Gym Fee
2025-01-27,908.1,Gym,Shaker Bottle
2025-08-07,713.88,Health,Medicines
2026-01-15,2074.85,Bills,Internet
2025-03-28,1682.03,Travel,Train Ticket
2026-01-06,4484.55,Health,Medicines
2025-05-13,3850.58,Shopping,Shoes
2025-08-08,420.69,Health,Protein Powder
2025-07-02,135.38,Education,Books
2025-12-12,3338.14,Groceries,Vegetables
2025-09-01,862.93,Subscriptions,Prime Video
2025-10-25,4490.89,Travel,Auto Ride
2026-04-28,3353.55,Education,Exam Fee
2025-09-07,4093.93,Gym,Supplements
2026-04-13,4018.55,Bills,Electricity
2025-12-11,4232.35,Subscriptions,Prime Video
2025-03-21,557.26,Shopping,Shoes
2026-01-02,4746.13,Health,Doctor Visit
2025-06-26,486.59,Shopping,Shoes
2026-01-16,1598.56,Shopping,Electronics
2025-03-25,3099.78,Subscriptions,Hotstar
2026-02-08,4771.85,Food,Coffee
2025-12-14,1916.2,Entertainment,Game Purchase
2026-01-09,4427.73,Subscriptions,Spotify
2025-06-22,1416.54,Travel,Train Ticket
2025-08-28,3438.76,Subscriptions,Spotify
2025-01-12,4981.6,Groceries,Rice
2026-01-25,1787.79,Food,Chicken Roll
2025-04-06,4786.75,Bills,Mobile Recharge
2025-10-02,1313.04,Education,Exam Fee
2025-12-09,4538.13,Subscriptions,Spotify
2025-03-26,381.66,Entertainment,Game Purchase
2025-06-04,2951.46,Gym,Gym Fee
2026-03-18,2597.57,Travel,Train Ticket
2025-05-05,2550.75,Entertainment,Game Purchase
2026-03-13,4649.44,Gym,Gym Fee
2025-06-11,3675.64,Health,Doctor Visit
2025-02-12,3908.46,Bills,Electricity
2025-12-06,4459.38,Health,Medicines
2025-08-19,786.77,Education,Books
2025-01-11,159.91,Groceries,Fruits
2025-05-18,1760.17,Bills,Electricity
2026-03-19,3908.11,Food,Lunch
2025-07-09,4463.18,Health,Protein Powder
2025-10-13,3395.94,Health,Protein Powder
2025-02-16,3231.14,Gym,Gym Fee
2025-04-21,2423.19,Health,Protein Powder
2025-08-31,4802.1,Education,Course
2026-03-27,3992.29,Health,Doctor Visit
2025-06-22,2398.7,Bills,Electricity
2025-10-19,2621.25,Subscriptions,Hotstar
2025-04-19,4757.92,Travel,Train Ticket
2025-05-06,3858.25,Travel,Bus Ticket
2025-07-08,4434.42,Education,Exam Fee
2025-05-22,2628.65,Food,Chicken Roll
2025-11-18,1338.41,Travel,Bus Ticket
2025-10-08,4779.61,Bills,Electricity
2025-12-05,3671.4,Entertainment,Game Purchase
2025-07-31,253.95,Travel,Bus Ticket
2025-11-14,1635.16,Education,Books
2025-08-27,275.2,Food,Snacks
2025-10-01,2454.16,Shopping,Electronics
2025-05-17,640.83,Bills,Mobile Recharge
2025-02-23,698.18,Food,Pizza
2025-05-17,3446.49,Travel,Fuel
2026-02-09,229.33,Subscriptions,Prime Video
2026-02-24,1530.25,Bills,Electricity
2025-01-07,2897.85,Entertainment,Movie
2025-01-03,1091.89,Travel,Train Ticket
2025-05-02,2566.37,Travel,Fuel
2025-01-14,3804.43,Subscriptions,Prime Video
2025-12-20,1792.43,Gym,Shaker Bottle
2025-09-07,3491.75,Gym,Shaker Bottle
2026-03-30,2553.66,Groceries,Vegetables
2025-03-07,2917.28,Health,Medicines
2026-04-04,753.53,Gym,Gym Fee
2025-07-07,4528.34,Bills,Mobile Recharge
2025-02-15,2203.39,Shopping,Clothes
2026-05-07,3260.03,Subscriptions,Prime Video
2026-01-12,3039.78,Health,Doctor Visit
2025-11-13,2840.53,Shopping,Electronics
2025-07-11,1935.49,Shopping,Accessories
2025-09-18,1291.58,Shopping,Electronics
2026-05-15,3738.25,Education,Exam Fee
2025-08-20,1372.96,Gym,Shaker Bottle
2025-10-07,796.58,Groceries,Rice
2025-08-03,4752.18,Subscriptions,Prime Video
2025-04-23,3670.37,Gym,Shaker Bottle
2026-03-27,744.13,Travel,Auto Ride
2025-04-12,2503.58,Health,Protein Powder
2026-04-21,4700.14,Entertainment,Movie
2026-03-23,2791.77,Bills,Internet
2025-03-17,1398.97,Health,Doctor Visit
2025-07-13,80.58,Subscriptions,Prime Video
2026-04-03,2754.04,Health,Medicines
2026-04-29,3421.12,Travel,Auto Ride
2026-01-10,1324.28,Education,Exam Fee
2025-02-07,896.19,Subscriptions,Spotify
2026-03-23,4987.58,Travel,Fuel
2025-10-20,345.64,Bills,Mobile Recharge
2025-12-20,2330.71,Shopping,Clothes
2026-04-02,360.55,Bills,Mobile Recharge
2026-01-03,3764.86,Gym,Shaker Bottle
2025-06-23,4427.82,Travel,Bus Ticket
2025-05-03,4896.04,Bills,Mobile Recharge
2025-05-25,1783.95,Subscriptions,Hotstar
2025-11-23,3935.61,Education,Books
2025-01-26,3459.49,Bills,Electricity
2025-05-21,2005.55,Entertainment,Game Purchase
2025-10-22,3675.33,Shopping,Electronics
2025-12-31,3306.26,Subscriptions,Prime Video
2025-10-08,3467.9,Bills,Internet
2025-03-16,4450.31,Entertainment,Game Purchase
2025-05-20,510.73,Entertainment,Movie
2025-11-05,3518.04,Shopping,Accessories
2025-08-09,728.22,Health,Protein Powder
2025-06-21,3824.0,Education,Course
2025-02-14,2757.47,Groceries,Milk
2025-07-23,1321.48,Subscriptions,Prime Video
2025-10-01,4876.28,Bills,Electricity
2025-06-09,357.15,Food,Chicken Roll
2025-01-09,1192.85,Food,Coffee
2026-04-10,270.35,Entertainment,Movie
2026-01-03,2511.22,Shopping,Shoes
2026-04-22,2730.73,Gym,Shaker Bottle
2025-01-11,3936.48,Gym,Shaker Bottle
2025-05-09,1262.61,Education,Exam Fee
2025-03-24,236.02,Food,Pizza
2025-04-23,2616.51,Education,Course
2025-12-01,2297.24,Groceries,Milk
2025-01-20,3100.79,Bills,Mobile Recharge
2025-05-30,900.0,Subscriptions,Spotify
2025-01-07,2983.5,Health,Medicines
2025-08-12,2462.26,Bills,Mobile Recharge
2025-06-22,247.89,Groceries,Rice
2025-12-05,231.29,Gym,Shaker Bottle
2025-02-20,4427.31,Subscriptions,Hotstar
2025-05-29,3641.5,Groceries,Fruits
2025-04-19,3311.16,Bills,Electricity
2025-02-02,4742.81,Gym,Supplements
2025-01-02,4997.22,Food,Snacks
2025-01-20,905.07,Subscriptions,Hotstar
2025-09-27,2793.32,Travel,Auto Ride
2026-04-25,2609.26,Groceries,Vegetables
2025-09-25,2219.77,Education,Exam Fee
2026-05-12,4458.43,Health,Medicines
2026-01-25,1107.03,Gym,Gym Fee
2025-07-24,2881.03,Entertainment,Netflix
2025-11-11,2692.09,Entertainment,Game Purchase
2025-07-07,4809.28,Health,Medicines
2025-08-24,1875.55,Subscriptions,Hotstar
2025-12-05,547.87,Shopping,Clothes
2025-08-24,1094.04,Bills,Mobile Recharge
2025-07-06,1781.99,Travel,Fuel
2025-06-23,3881.87,Food,Dinner
2025-10-28,1029.11,Travel,Auto Ride
2025-07-11,351.72,Food,Pizza
2025-05-11,4942.83,Gym,Gym Fee
2025-10-29,1959.73,Health,Doctor Visit
2025-03-18,1082.39,Groceries,Fruits
2025-11-30,84.82,Groceries,Fruits
2025-12-29,3900.26,Education,Exam Fee
2025-10-24,2439.4,Shopping,Clothes
2025-02-10,4850.68,Subscriptions,Prime Video
2025-10-04,3703.53,Subscriptions,Prime Video
2025-04-02,695.33,Gym,Supplements
2026-03-12,2591.97,Travel,Train Ticket
2025-11-18,4793.34,Entertainment,Game Purchase
2026-04-11,1341.83,Gym,Gym Fee
2026-03-12,4689.24,Food,Lunch
2026-05-09,3286.8,Groceries,Fruits
2026-01-14,1471.89,Groceries,Fruits
2025-06-27,203.57,Education,Course
2025-04-28,1809.09,Food,Dinner
2025-01-27,4848.69,Education,Books
2026-05-06,349.42,Shopping,Accessories
2025-04-06,1748.49,Education,Books
2025-09-20,3663.96,Shopping,Electronics
2026-05-09,4393.36,Travel,Fuel
2025-11-23,3035.89,Groceries,Fruits
2025-01-09,3768.32,Health,Medicines
2025-08-08,4207.39,Travel,Fuel
2025-05-02,4977.06,Groceries,Vegetables
2026-01-01,1117.74,Food,Chicken Roll
2025-12-28,3027.91,Health,Protein Powder
2026-01-06,1013.47,Gym,Gym Fee
2025-06-13,2574.5,Travel,Fuel
2025-10-10,4252.95,Education,Books
2025-12-20,4095.96,Food,Coffee
2025-05-22,1920.35,Travel,Auto Ride
2025-07-19,3299.78,Entertainment,Concert
2025-08-18,3664.59,Entertainment,Concert
2025-04-11,2384.51,Subscriptions,Prime Video
2025-04-17,2777.04,Subscriptions,Hotstar
2025-03-22,1248.39,Shopping,Accessories
2025-01-14,3770.12,Bills,Electricity
2025-01-12,1373.47,Subscriptions,Prime Video
2025-12-13,2624.2,Groceries,Milk
2025-09-10,1749.01,Shopping,Clothes
2026-03-17,612.31,Health,Medicines
2025-06-07,4260.89,Travel,Train Ticket
2025-10-29,4329.57,Entertainment,Movie
2025-06-28,2163.54,Shopping,Clothes
2026-02-17,1771.44,Groceries,Milk
2025-08-30,2945.99,Education,Course
2025-11-08,1576.11,Gym,Gym Fee
2025-12-07,2158.84,Bills,Electricity
2026-04-27,4238.84,Food,Snacks
2025-05-23,4533.85,Gym,Shaker Bottle
2026-02-03,1904.43,Subscriptions,Spotify
2026-02-28,4866.16,Travel,Bus Ticket
2025-05-16,4188.08,Entertainment,Movie
2026-03-08,1624.85,Entertainment,Netflix
2025-06-18,1790.35,Entertainment,Concert
2025-03-26,1456.42,Entertainment,Netflix
2025-02-08,3502.01,Education,Course
2025-08-23,1986.63,Entertainment,Game Purchase
2025-07-25,4908.65,Shopping,Shoes
2025-09-16,969.78,Education,Exam Fee
2026-01-28,4734.5,Travel,Bus Ticket
2025-01-01,3732.99,Entertainment,Concert
2025-04-15,1224.89,Shopping,Clothes
2025-08-22,1433.08,Bills,Mobile Recharge
2026-03-28,4076.22,Shopping,Shoes
2025-09-07,4746.96,Bills,Electricity
2025-11-01,1042.73,Health,Protein Powder
2025-07-24,106.06,Subscriptions,Spotify
2025-05-30,733.06,Shopping,Electronics
2025-04-05,383.19,Gym,Supplements
2025-02-01,3604.54,Food,Pizza
2026-02-20,435.1,Travel,Bus Ticket
2025-02-18,4729.91,Education,Books
2026-01-08,2822.55,Bills,Electricity
2025-07-17,3148.97,Health,Doctor Visit
2025-05-08,4500.83,Shopping,Clothes
2026-01-21,3831.51,Bills,Mobile Recharge
2025-09-02,4833.08,Subscriptions,Spotify
2026-03-02,2390.3,Gym,Supplements
2025-12-19,4168.9,Groceries,Vegetables
2026-03-28,2524.22,Travel,Bus Ticket
2026-01-12,2620.34,Entertainment,Netflix
2025-06-10,4310.03,Education,Books
2025-04-24,4962.99,Subscriptions,Spotify
2026-03-29,3296.55,Travel,Bus Ticket
2025-01-02,1216.55,Travel,Fuel
2025-11-27,4560.28,Groceries,Rice
2025-02-11,1610.94,Shopping,Clothes
2026-02-18,2332.19,Subscriptions,Prime Video
2026-04-23,1829.23,Food,Dinner
2025-02-09,2118.18,Food,Chicken Roll
2025-08-17,814.57,Entertainment,Concert
2026-05-13,1716.81,Food,Coffee
2025-03-20,772.18,Gym,Supplements
2026-02-18,953.81,Shopping,Accessories
2025-12-23,2417.8,Gym,Shaker Bottle
2025-09-08,2683.74,Gym,Shaker Bottle
2025-12-30,4649.76,Entertainment,Game Purchase
2025-12-03,3517.86,Food,Pizza
2025-05-12,3327.82,Groceries,Milk
2025-11-24,1387.46,Subscriptions,Prime Video
2026-02-12,4345.81,Entertainment,Netflix
2025-03-22,4677.53,Food,Coffee
2025-11-15,816.42,Bills,Mobile Recharge
2026-03-19,2598.6,Health,Doctor Visit
2025-02-02,2647.53,Subscriptions,Hotstar
2025-02-28,1250.95,Gym,Gym Fee
2026-03-18,4829.25,Food,Snacks
2026-05-10,853.05,Bills,Mobile Recharge
2025-12-18,1938.16,Bills,Internet
2025-05-28,4525.81,Entertainment,Game Purchase
2025-11-16,3170.52,Bills,Electricity
2025-01-26,2511.96,Groceries,Rice
2025-08-02,3143.09,Groceries,Rice
2025-03-19,3584.57,Food,Chicken Roll
2025-07-02,4800.01,Entertainment,Concert
2025-01-18,458.09,Education,Exam Fee
2025-10-10,2485.67,Food,Chicken Roll
2026-03-22,2596.53,Groceries,Rice
2026-05-06,3919.96,Entertainment,Movie
2025-11-15,4927.43,Health,Doctor Visit
2025-02-07,2948.86,Entertainment,Netflix
2025-03-04,3920.07,Groceries,Fruits
2026-02-24,4505.55,Shopping,Electronics
2026-04-17,2104.47,Bills,Electricity
2026-03-06,178.0,Education,Exam Fee
2025-09-01,4110.06,Gym,Gym Fee
2025-12-03,2880.67,Education,Course
2025-11-21,204.11,Education,Exam Fee
2025-09-27,4525.47,Food,Lunch
2026-03-19,959.63,Gym,Supplements
2026-03-27,1211.5,Bills,Electricity
2026-03-24,3950.12,Gym,Gym Fee
2025-01-24,285.85,Health,Protein Powder
2026-01-18,3245.42,Entertainment,Netflix
2025-03-14,1448.5,Bills,Internet
2025-09-16,3748.32,Groceries,Milk
2025-02-20,3155.36,Health,Protein Powder
2026-05-05,989.65,Travel,Train Ticket
2025-12-01,3760.07,Groceries,Milk
2026-04-26,1075.75,Food,Snacks
2025-04-07,3353.46,Bills,Mobile Recharge
2025-06-07,2748.44,Health,Medicines
2025-08-16,1455.2,Travel,Fuel
2025-11-02,4010.45,Education,Books
2025-10-29,1606.51,Shopping,Accessories
2025-01-07,2995.97,Food,Snacks
2026-03-07,4934.82,Health,Protein Powder
2025-03-23,914.76,Food,Chicken Roll
2026-03-07,1126.72,Bills,Electricity
2025-03-27,4284.0,Shopping,Accessories
2025-05-31,491.76,Food,Pizza
2025-10-27,1405.74,Entertainment,Game Purchase
2026-01-03,3288.11,Education,Course
2025-03-31,2755.28,Gym,Gym Fee
2026-05-16,3456.33,Bills,Electricity
2025-10-11,3000.15,Education,Course
2025-01-09,1829.14,Subscriptions,Hotstar
2025-11-11,825.87,Bills,Internet
2025-07-19,412.66,Entertainment,Concert
2026-05-06,987.79,Bills,Internet
2025-05-02,4783.68,Shopping,Accessories
2026-01-23,2252.16,Food,Snacks
2025-07-16,2523.08,Gym,Gym Fee
2025-11-14,1100.86,Bills,Mobile Recharge
2026-03-26,1046.87,Entertainment,Netflix
2025-04-27,4173.63,Education,Books
2025-10-29,1628.53,Shopping,Accessories
2025-11-06,4262.92,Education,Books
2026-02-23,3563.02,Health,Protein Powder
2025-01-12,2435.61,Gym,Supplements
2025-07-06,640.11,Gym,Gym Fee
2025-12-31,3066.71,Food,Lunch
2025-04-25,3249.15,Education,Course
2025-08-10,224.04,Gym,Gym Fee
2025-06-20,3419.88,Health,Doctor Visit
2025-04-03,4592.86,Groceries,Rice
2025-11-01,3893.71,Food,Chicken Roll
2025-01-30,4285.5,Subscriptions,Hotstar
2025-01-26,4352.81,Subscriptions,Prime Video
2026-03-22,334.97,Entertainment,Movie
2025-07-02,1319.54,Gym,Shaker Bottle
2025-05-24,3278.95,Entertainment,Movie
2025-01-04,3214.43,Entertainment,Netflix
2026-04-09,3588.23,Food,Lunch
2025-11-13,4424.79,Food,Chicken Roll
2025-11-30,660.95,Groceries,Rice
2025-02-22,2064.19,Health,Protein Powder
2025-02-06,1009.22,Entertainment,Movie
2025-02-23,3839.46,Subscriptions,Hotstar
2026-01-07,3366.42,Subscriptions,Hotstar
2025-04-04,4067.84,Groceries,Milk
2025-12-22,1572.68,Groceries,Vegetables
2025-09-20,1493.81,Travel,Train Ticket
2025-05-24,3742.01,Travel,Auto Ride
2025-02-20,1614.12,Shopping,Shoes
2025-10-27,4971.98,Entertainment,Game Purchase
2025-10-08,1283.75,Gym,Supplements
2025-07-12,4464.07,Groceries,Rice
2025-12-04,3584.93,Groceries,Fruits
2025-07-20,2624.82,Subscriptions,Prime Video
2025-01-04,1148.2,Education,Books
2025-11-30,532.11,Education,Exam Fee
2025-05-31,4957.86,Shopping,Clothes
2025-10-28,1453.55,Gym,Supplements
2026-03-08,3967.3,Bills,Mobile Recharge
2026-01-21,4322.14,Shopping,Accessories
2026-02-26,4794.9,Health,Protein Powder
2025-12-23,1578.02,Bills,Mobile Recharge
2025-11-11,613.53,Groceries,Rice
2025-07-13,2923.69,Groceries,Vegetables
2025-01-24,2926.87,Education,Exam Fee
2026-04-19,4682.81,Education,Exam Fee
2025-04-19,505.82,Subscriptions,Prime Video
2025-06-05,2304.27,Travel,Bus Ticket
2025-05-14,209.38,Health,Protein Powder
2026-01-23,1457.02,Bills,Electricity
2025-01-27,1976.5,Groceries,Milk
2025-02-21,4460.09,Bills,Mobile Recharge
2025-09-20,2501.97,Travel,Auto Ride
2025-04-08,741.17,Education,Books
2025-08-10,1969.46,Gym,Gym Fee
2026-03-27,3322.27,Gym,Supplements
2026-03-08,3392.32,Health,Doctor Visit
2026-01-07,3578.47,Groceries,Milk
2025-04-08,4577.42,Travel,Bus Ticket
2025-05-28,2014.93,Education,Exam Fee
2025-12-25,2547.5,Health,Protein Powder
2026-02-03,1801.57,Food,Snacks
2025-04-11,1810.47,Subscriptions,Prime Video
2026-01-10,2628.54,Shopping,Clothes
2026-03-08,3341.58,Health,Doctor Visit
2025-06-30,3332.62,Education,Course
2025-10-04,137.42,Bills,Mobile Recharge
2025-12-16,2047.06,Food,Chicken Roll
2025-09-26,4187.85,Food,Coffee
2026-03-08,2252.88,Food,Pizza
2025-04-03,4521.09,Education,Books
2025-10-02,2077.37,Health,Protein Powder
2026-05-03,3236.23,Bills,Internet
2026-03-29,4994.11,Gym,Shaker Bottle
2025-10-31,1058.89,Bills,Mobile Recharge
2025-08-16,3229.9,Education,Books
2025-02-27,1919.06,Entertainment,Concert
2025-04-23,1273.3,Health,Doctor Visit
2025-12-08,4570.24,Bills,Internet
2025-09-13,4656.41,Bills,Internet
2026-01-19,249.51,Health,Medicines
2025-04-24,1375.76,Gym,Gym Fee
2025-06-10,2596.69,Subscriptions,Prime Video
2025-08-15,114.84,Bills,Internet
2025-05-27,2789.79,Education,Course
2025-03-30,202.75,Health,Medicines
2025-03-03,4919.18,Travel,Train Ticket
2025-04-09,3252.6,Travel,Fuel
2025-07-11,1280.36,Travel,Fuel
2025-04-04,4115.29,Shopping,Shoes
2025-12-26,2261.59,Health,Protein Powder
2026-01-25,1356.09,Health,Protein Powder
2025-01-01,4054.72,Education,Course
2026-02-15,2537.06,Food,Coffee
2025-09-09,4551.79,Bills,Electricity
2026-04-08,4147.46,Gym,Shaker Bottle
2026-02-27,553.9,Groceries,Vegetables
2026-02-22,929.68,Food,Lunch
2025-02-18,259.87,Food,Dinner
2025-01-24,4019.89,Subscriptions,Spotify
2025-11-23,2448.02,Health,Doctor Visit
2025-09-25,4931.24,Travel,Fuel
2025-06-06,4906.61,Gym,Shaker Bottle
2025-11-25,3108.11,Shopping,Clothes
2025-02-22,1591.54,Travel,Bus Ticket
2025-09-22,2937.21,Health,Doctor Visit
2025-01-13,4051.35,Bills,Internet
2026-01-08,4318.15,Gym,Gym Fee
2026-01-01,3854.12,Gym,Gym Fee
2025-07-05,2465.38,Health,Doctor Visit
2025-04-15,4626.43,Travel,Train Ticket
2025-06-03,4381.86,Education,Course
2026-05-01,300.08,Groceries,Rice
2025-08-31,2652.83,Education,Books
2026-03-29,1435.4,Entertainment,Movie
2026-01-16,2070.82,Subscriptions,Spotify
2025-11-20,972.28,Education,Books
2025-07-06,2777.17,Health,Protein Powder
2026-05-04,2131.12,Shopping,Accessories
2025-12-30,362.94,Shopping,Electronics
2025-02-23,417.29,Shopping,Accessories
2026-03-15,4832.65,Subscriptions,Spotify
2025-12-03,3052.89,Gym,Supplements
2025-10-22,1758.37,Subscriptions,Prime Video
2025-12-28,1497.24,Shopping,Electronics
2025-04-20,2100.07,Gym,Gym Fee
2025-12-31,1818.81,Food,Lunch
2026-03-24,3903.84,Travel,Bus Ticket
2026-04-11,507.07,Subscriptions,Spotify
2025-08-04,4460.0,Gym,Supplements
2025-10-29,3446.96,Entertainment,Concert
2025-09-23,1611.49,Food,Snacks
2025-07-13,4631.25,Education,Books
2025-06-19,1810.05,Subscriptions,Hotstar
2025-06-06,2877.23,Gym,Supplements
2025-05-16,630.47,Food,Chicken Roll
2025-05-04,3166.65,Health,Protein Powder
2026-02-26,3631.2,Bills,Electricity
2025-10-08,203.41,Gym,Supplements
2025-04-08,4669.7,Shopping,Accessories
2025-11-04,3557.71,Education,Course
2025-03-23,1079.48,Gym,Shaker Bottle
2025-08-15,730.56,Travel,Train Ticket
2026-02-09,826.53,Groceries,Milk
2025-06-26,325.71,Shopping,Shoes
2025-12-13,2211.95,Groceries,Vegetables
2025-12-22,4191.49,Travel,Fuel
2026-05-10,3597.28,Shopping,Clothes
2026-03-06,1140.1,Gym,Supplements
2025-07-01,2973.74,Entertainment,Movie
2026-01-29,620.46,Shopping,Electronics
2026-03-30,3354.93,Education,Books
2025-12-15,1303.1,Health,Protein Powder
2025-05-06,1772.04,Entertainment,Concert
2025-01-31,3064.22,Subscriptions,Spotify
2026-05-08,2708.65,Shopping,Electronics
2025-01-29,86.96,Bills,Electricity
2025-11-09,409.47,Education,Course
2026-03-25,3010.42,Entertainment,Movie
2025-08-11,1904.32,Groceries,Vegetables
2025-10-20,456.23,Shopping,Electronics
2025-12-07,4724.87,Shopping,Shoes
2025-09-28,1633.2,Gym,Shaker Bottle
2025-07-20,1847.75,Shopping,Accessories
2025-11-02,3721.99,Food,Dinner
2025-01-28,2889.25,Travel,Auto Ride
2025-07-27,1932.93,Entertainment,Concert
2025-03-12,4982.36,Education,Books
2025-12-19,3901.12,Education,Exam Fee
2025-09-27,4590.95,Gym,Shaker Bottle
2025-05-21,2467.64,Travel,Fuel
2025-08-28,479.01,Shopping,Accessories
2026-03-24,1020.04,Shopping,Clothes
2025-05-17,4804.37,Travel,Train Ticket
2025-01-12,1551.77,Groceries,Vegetables
2025-11-13,498.73,Health,Medicines
2025-04-03,880.39,Groceries,Fruits
2026-04-29,2723.68,Education,Books
2025-12-06,2127.61,Groceries,Vegetables
2025-03-07,3382.43,Travel,Bus Ticket
2026-05-03,2695.73,Education,Exam Fee
2026-01-11,1384.94,Food,Chicken Roll
2025-01-21,1490.94,Bills,Internet
2026-03-09,3706.99,Subscriptions,Prime Video
2025-03-26,3912.15,Subscriptions,Prime Video
2026-05-11,4819.94,Subscriptions,Spotify
2025-05-24,3113.38,Entertainment,Movie
2025-12-07,4214.8,Groceries,Milk
2025-02-16,4818.96,Bills,Internet
2026-04-11,606.95,Groceries,Fruits
2025-01-14,4889.18,Entertainment,Netflix
2025-12-05,376.35,Entertainment,Movie
2026-04-02,1032.14,Travel,Auto Ride
2026-05-12,4840.76,Health,Doctor Visit
2025-03-30,4832.06,Health,Medicines
2025-11-13,2725.44,Food,Dinner
2025-07-09,2923.44,Subscriptions,Spotify
2025-05-23,3168.0,Bills,Electricity
2025-05-27,1074.37,Shopping,Electronics
2026-05-08,483.88,Subscriptions,Hotstar
2026-04-18,3658.4,Education,Exam Fee
2025-06-12,1954.26,Food,Coffee
2026-03-19,3811.02,Education,Books
2026-02-06,3939.41,Shopping,Accessories
2025-10-17,2549.64,Entertainment,Netflix
2025-10-04,3880.52,Shopping,Shoes
2025-04-27,4589.04,Health,Protein Powder
2025-03-17,1798.93,Food,Lunch
2025-06-08,2237.56,Travel,Fuel
2025-09-10,484.89,Groceries,Vegetables
2025-03-14,3844.46,Health,Medicines
2025-10-23,4529.02,Groceries,Fruits
2025-01-26,3874.36,Shopping,Accessories
2025-05-14,995.75,Shopping,Electronics
2025-07-14,2023.45,Bills,Electricity
2025-07-29,2409.45,Gym,Supplements
2025-11-29,1392.23,Groceries,Milk
2025-04-29,2128.75,Subscriptions,Spotify
2026-03-10,4119.04,Education,Books
2025-07-04,2307.68,Bills,Electricity
2025-03-31,3991.2,Gym,Supplements
2025-10-04,1595.8,Health,Medicines
2025-01-20,2318.44,Groceries,Fruits
2025-05-01,1562.27,Health,Doctor Visit
2025-09-23,2483.33,Subscriptions,Spotify
2025-11-11,2034.74,Bills,Internet
2025-01-02,569.93,Travel,Bus Ticket
2025-05-07,274.28,Entertainment,Netflix
2026-02-06,2433.81,Education,Exam Fee
2025-07-23,2037.06,Health,Doctor Visit
2025-07-31,2645.51,Education,Books
2025-07-31,1726.46,Groceries,Vegetables
2025-11-08,1374.91,Bills,Electricity
2026-01-09,653.57,Groceries,Milk
2026-02-16,2136.34,Subscriptions,Prime Video
2026-04-30,1719.68,Health,Medicines
2026-01-09,4310.88,Entertainment,Concert
2026-03-06,4686.68,Entertainment,Movie
2025-03-21,1768.06,Entertainment,Concert
2025-06-27,4223.63,Travel,Train Ticket
2025-04-20,1153.99,Education,Exam Fee
2025-04-29,2880.13,Education,Exam Fee
2025-07-15,2266.67,Groceries,Vegetables
2025-09-15,1819.82,Food,Snacks
2025-09-10,2884.38,Bills,Internet
2026-03-23,2881.88,Education,Exam Fee
2025-03-23,206.46,Groceries,Fruits
2025-01-02,1864.62,Travel,Bus Ticket
2025-09-08,3139.77,Subscriptions,Spotify
2025-01-25,904.29,Gym,Gym Fee
2025-06-19,308.8,Groceries,Fruits
2026-01-30,2375.35,Health,Protein Powder
2025-05-15,2766.58,Education,Course
2026-02-26,2105.38,Entertainment,Game Purchase
2026-02-18,3736.0,Food,Dinner
2025-01-10,1031.02,Bills,Internet
2025-05-24,4825.78,Travel,Auto Ride
2025-04-25,3074.95,Bills,Mobile Recharge
2025-05-22,4279.23,Shopping,Electronics
2026-02-20,1777.71,Gym,Shaker Bottle
2025-01-14,487.54,Gym,Supplements
2025-09-30,4128.7,Bills,Internet
2025-03-10,3051.17,Entertainment,Concert
2026-03-06,2411.51,Gym,Shaker Bottle
2025-04-11,1801.69,Gym,Gym Fee
2026-03-28,3978.6,Groceries,Rice
2025-03-28,979.76,Gym,Gym Fee
2025-09-29,3371.01,Bills,Electricity
2025-05-30,1008.72,Groceries,Fruits
2025-07-30,120.49,Shopping,Clothes
2025-04-28,50.05,Travel,Fuel
2025-05-16,2857.43,Bills,Internet
2025-01-13,1724.74,Subscriptions,Prime Video
2026-01-24,4086.01,Education,Exam Fee
2025-06-28,3948.98,Shopping,Accessories
2025-09-17,2944.06,Education,Exam Fee
2025-12-31,2112.87,Shopping,Shoes
2025-02-04,1726.45,Groceries,Rice
2025-01-21,3379.07,Bills,Electricity
2026-02-04,2462.88,Travel,Train Ticket
2025-09-14,1383.23,Health,Protein Powder
2025-10-31,4026.76,Bills,Electricity
2025-03-22,2327.7,Food,Snacks
2026-05-14,1359.53,Groceries,Rice
2026-04-07,1564.59,Subscriptions,Spotify
2025-12-17,4959.75,Entertainment,Movie
2026-03-11,218.75,Bills,Mobile Recharge
2025-03-31,330.85,Bills,Internet
2025-12-04,1749.93,Subscriptions,Prime Video
2026-04-29,3151.08,Subscriptions,Prime Video
2025-06-23,2611.74,Shopping,Shoes
2025-02-16,2600.85,Education,Books
2025-03-04,2843.57,Gym,Gym Fee
2026-03-13,2523.15,Travel,Fuel
2026-04-11,1264.28,Entertainment,Game Purchase
2026-04-20,1954.18,Gym,Supplements
2025-04-04,3383.81,Bills,Electricity
2025-01-19,4564.58,Gym,Gym Fee
2026-03-31,2636.81,Bills,Electricity
2026-04-13,469.5,Groceries,Fruits
2025-11-02,4083.38,Travel,Auto Ride
2026-03-21,3328.91,Bills,Internet
2025-06-18,777.11,Shopping,Shoes
2026-05-09,2300.51,Entertainment,Movie
2025-11-30,4159.69,Shopping,Shoes
2025-08-04,4834.96,Education,Exam Fee
2026-04-05,1126.92,Shopping,Shoes
2026-02-28,988.27,Bills,Mobile Recharge
2025-10-02,646.34,Education,Exam Fee
2025-08-27,2479.34,Gym,Supplements
2025-02-02,4829.04,Shopping,Clothes
2025-10-05,4034.25,Health,Protein Powder
2025-11-10,451.08,Travel,Train Ticket
2026-02-21,4478.81,Entertainment,Game Purchase
2026-03-06,2141.14,Groceries,Milk
2026-01-09,3911.69,Health,Protein Powder
2025-02-04,3934.77,Subscriptions,Prime Video
2025-08-14,1020.33,Subscriptions,Hotstar
2026-01-25,1248.99,Entertainment,Netflix
2026-01-01,4414.88,Health,Medicines
2026-01-07,455.03,Food,Chicken Roll
2025-12-01,387.76,Shopping,Electronics
2026-02-01,286.03,Education,Course
2026-01-07,372.24,Travel,Train Ticket
2025-07-18,3831.04,Travel,Train Ticket
2025-09-05,1999.19,Travel,Fuel
2025-09-16,3143.3,Food,Dinner
2025-10-30,4073.68,Subscriptions,Hotstar
2025-09-13,135.81,Health,Protein Powder
2026-04-02,4237.33,Entertainment,Game Purchase
2025-04-26,3209.25,Travel,Auto Ride
2025-10-10,4098.9,Food,Pizza
2025-06-21,2656.89,Gym,Gym Fee
2025-11-16,2158.95,Shopping,Clothes
2025-05-30,2918.7,Shopping,Accessories
2025-07-22,735.77,Entertainment,Concert
2025-05-02,3400.36,Groceries,Rice
2025-03-07,278.69,Entertainment,Concert
2026-03-21,502.12,Food,Dinner
2025-12-06,266.33,Travel,Fuel
2026-03-28,1728.99,Health,Doctor Visit
2025-10-15,2804.59,Food,Coffee
2025-09-29,4933.37,Travel,Fuel
2025-07-28,244.27,Groceries,Fruits
2025-04-19,161.64,Entertainment,Concert
2025-01-13,962.2,Shopping,Clothes
2025-01-21,2556.39,Travel,Bus Ticket
2025-10-21,4273.22,Bills,Mobile Recharge
2026-03-06,2923.09,Food,Lunch
2025-12-16,4485.07,Shopping,Shoes
2025-09-28,4598.54,Education,Exam Fee
2025-05-05,883.25,Food,Snacks
2025-12-11,1669.84,Travel,Fuel
2025-02-17,870.22,Entertainment,Game Purchase
2025-05-21,153.33,Education,Course
2026-03-05,3601.67,Health,Doctor Visit
2025-02-16,348.82,Bills,Internet
2026-02-03,494.4,Entertainment,Movie
2025-10-19,3596.03,Food,Chicken Roll
2025-12-18,1904.27,Travel,Bus Ticket
2026-01-12,801.88,Subscriptions,Spotify
2025-04-26,1428.15,Education,Course
2026-04-18,891.68,Entertainment,Concert
2025-12-17,3021.01,Travel,Fuel
2025-06-02,3525.03,Travel,Train Ticket
2025-04-02,3953.95,Education,Books
2025-07-09,512.94,Travel,Bus Ticket
2025-01-11,959.18,Health,Protein Powder
2026-04-15,3931.84,Travel,Bus Ticket
2025-02-12,55.2,Gym,Supplements
2026-03-09,4382.19,Bills,Electricity
2026-04-05,3069.34,Subscriptions,Prime Video
2025-10-30,4610.09,Entertainment,Concert
2025-05-11,680.07,Health,Doctor Visit
2025-02-22,2700.37,Food,Lunch
2026-01-25,1751.49,Groceries,Milk
2025-05-24,2963.01,Education,Books
2025-03-28,1627.88,Shopping,Electronics
2025-05-22,2543.18,Groceries,Vegetables
2025-04-11,3927.44,Subscriptions,Prime Video
2025-05-30,2147.01,Groceries,Vegetables
2025-07-25,4507.01,Subscriptions,Spotify
2025-10-04,3099.15,Shopping,Accessories
2025-06-12,490.13,Travel,Train Ticket
2026-02-01,2319.33,Groceries,Vegetables
2025-11-11,1752.75,Bills,Electricity
2025-03-22,520.51,Entertainment,Movie
2025-09-07,3618.58,Gym,Supplements
2025-04-03,4619.54,Health,Doctor Visit
2025-05-03,2616.04,Groceries,Milk
2026-03-15,2336.04,Groceries,Milk
2026-02-13,386.49,Bills,Mobile Recharge
2025-08-02,1089.0,Travel,Auto Ride
2026-05-12,4929.09,Shopping,Electronics
2025-05-27,930.46,Travel,Auto Ride
2025-11-05,2750.37,Health,Doctor Visit
2025-08-03,1712.1,Bills,Electricity
2026-04-20,4019.32,Travel,Fuel
2025-06-12,56.36,Groceries,Milk
2025-09-17,1796.21,Health,Doctor Visit
2025-08-01,3475.23,Shopping,Accessories
2025-12-15,2642.08,Health,Protein Powder
2026-03-26,181.8,Entertainment,Game Purchase
2025-09-02,569.83,Travel,Fuel
2026-04-04,3927.54,Gym,Supplements
2025-02-25,4396.76,Travel,Bus Ticket
2026-03-15,3719.84,Groceries,Rice
2025-03-29,816.24,Entertainment,Netflix
2025-03-20,752.75,Bills,Internet
2026-04-06,1138.89,Food,Dinner
2025-02-19,1196.1,Education,Exam Fee
2026-02-27,3298.03,Health,Medicines
2026-02-10,665.33,Groceries,Milk
2026-01-09,3095.89,Health,Protein Powder
2026-03-07,958.65,Education,Exam Fee
2025-10-19,4487.82,Entertainment,Movie
2025-12-21,1340.23,Subscriptions,Hotstar
2025-10-01,1535.3,Gym,Gym Fee
2025-05-28,2649.45,Health,Medicines
2025-02-28,1090.29,Shopping,Clothes
2025-10-21,906.21,Travel,Bus Ticket
2026-05-12,4797.32,Education,Books
2025-06-04,3299.53,Groceries,Vegetables
2025-04-01,1621.32,Travel,Fuel
2025-09-21,1710.01,Bills,Mobile Recharge
2025-08-13,111.83,Shopping,Shoes
2025-11-10,394.79,Health,Protein Powder
2026-04-03,4639.64,Travel,Train Ticket
2025-08-23,4634.87,Gym,Supplements
2026-04-27,3460.1,Gym,Shaker Bottle
2025-05-18,3017.85,Groceries,Vegetables
2025-02-26,326.88,Shopping,Accessories
2025-08-18,3744.35,Travel,Train Ticket
2026-01-07,216.35,Shopping,Electronics
2025-11-16,3630.84,Health,Protein Powder
2026-04-25,1676.87,Entertainment,Netflix
2025-07-08,2379.39,Travel,Auto Ride
2026-04-09,102.66,Education,Books
2025-01-11,743.28,Education,Books
2025-10-02,2370.49,Bills,Internet
2025-02-08,4945.05,Subscriptions,Hotstar
2025-05-06,2315.35,Shopping,Accessories
2025-11-09,4418.97,Gym,Shaker Bottle
2025-10-03,1257.76,Bills,Mobile Recharge
2025-02-15,752.86,Bills,Electricity
2026-04-12,701.72,Education,Books
2025-09-28,153.52,Groceries,Rice
2025-01-25,4053.79,Groceries,Vegetables
2025-06-11,962.75,Groceries,Vegetables
2025-09-12,2917.96,Health,Protein Powder
2025-01-29,3092.57,Bills,Internet
2025-12-21,3299.76,Travel,Bus Ticket
2026-03-10,3718.11,Education,Exam Fee
2025-08-07,3748.86,Education,Course
2025-05-16,3750.14,Travel,Train Ticket
2025-12-19,4662.91,Groceries,Fruits
2025-10-21,3782.36,Health,Medicines
2026-01-18,4933.54,Health,Medicines
2025-09-03,2093.89,Gym,Supplements
2025-11-17,3370.51,Education,Course
2025-08-19,3458.6,Groceries,Fruits
2025-01-27,2276.72,Bills,Electricity
2026-03-06,3787.62,Education,Exam Fee
2025-07-15,2609.86,Groceries,Fruits
2026-02-04,3874.39,Gym,Gym Fee
2025-02-04,2354.43,Food,Coffee
2026-04-24,1415.3,Travel,Auto Ride
2026-03-22,2677.66,Education,Books
2025-12-05,4362.84,Travel,Train Ticket
2025-07-03,2469.33,Groceries,Rice
2026-05-05,844.31,Gym,Supplements
2025-10-20,1906.38,Shopping,Accessories
2025-07-17,1884.55,Entertainment,Game Purchase
2025-09-29,4733.44,Food,Lunch
2025-10-16,1944.86,Travel,Auto Ride
2026-01-20,3359.55,Health,Doctor Visit
2025-11-11,4196.9,Shopping,Electronics
2025-12-11,641.25,Bills,Internet
2025-10-02,4336.25,Education,Exam Fee
2025-04-05,1807.92,Food,Lunch
2025-01-28,953.54,Education,Course
2025-04-14,1918.89,Shopping,Electronics
2025-08-25,2812.19,Shopping,Accessories
2025-05-07,3597.41,Travel,Fuel
2025-08-30,3319.04,Entertainment,Game Purchase
2025-11-16,1612.18,Entertainment,Netflix
2025-02-10,2763.37,Groceries,Vegetables
2025-05-09,3477.71,Food,Dinner
2025-04-13,1127.99,Bills,Mobile Recharge
2025-04-03,518.24,Gym,Supplements
2025-10-12,3993.72,Health,Protein Powder
2026-01-11,3378.91,Entertainment,Concert
2025-09-11,1804.84,Travel,Auto Ride
2025-08-30,660.81,Gym,Shaker Bottle
2025-08-18,874.41,Shopping,Electronics
2025-10-21,3278.83,Entertainment,Game Purchase
2025-05-24,2087.32,Bills,Mobile Recharge
2025-08-07,2013.71,Subscriptions,Spotify
2025-05-09,1763.71,Gym,Supplements
2025-03-05,3904.24,Shopping,Clothes
2025-06-15,3863.86,Health,Doctor Visit
2025-12-02,3240.84,Health,Doctor Visit
2026-05-03,4419.02,Shopping,Electronics
2025-01-05,1712.06,Subscriptions,Prime Video
2026-02-20,4016.28,Groceries,Vegetables
2025-08-25,2073.31,Gym,Supplements
2025-05-25,2885.71,Subscriptions,Spotify
2026-04-10,1734.25,Entertainment,Game Purchase
2025-07-24,4968.68,Groceries,Fruits
2026-02-12,705.23,Shopping,Electronics
2025-06-25,2687.41,Travel,Train Ticket
2025-12-26,201.14,Bills,Mobile Recharge
2025-09-15,2386.17,Shopping,Accessories
2025-08-11,667.12,Travel,Train Ticket
2026-01-08,2972.2,Bills,Electricity
2025-04-16,3011.26,Health,Protein Powder
2026-01-24,287.64,Gym,Shaker Bottle
2025-12-14,4259.25,Subscriptions,Prime Video
2026-01-03,202.02,Travel,Fuel
2025-11-22,2083.87,Subscriptions,Prime Video
2025-01-04,2891.4,Education,Exam Fee
2025-07-24,3273.35,Education,Exam Fee
2025-05-28,3712.69,Groceries,Fruits
2026-01-25,1454.37,Subscriptions,Spotify
2025-12-23,4456.85,Travel,Bus Ticket
2026-03-26,3940.14,Shopping,Shoes
2026-02-15,854.06,Groceries,Rice
2025-05-28,3122.33,Gym,Supplements
2026-01-09,2579.18,Groceries,Rice
2025-01-15,4638.73,Entertainment,Game Purchase
2025-02-13,3485.4,Shopping,Clothes
2025-12-18,4654.66,Food,Snacks
2026-02-26,1631.68,Food,Dinner
2025-08-30,4924.73,Education,Exam Fee
2025-05-25,2376.75,Education,Exam Fee
2025-08-08,2300.74,Education,Exam Fee
2025-02-19,3483.22,Health,Protein Powder
2025-02-11,4936.07,Bills,Mobile Recharge
2025-02-02,1025.99,Shopping,Accessories
2025-10-13,621.28,Education,Course
2025-04-09,731.35,Groceries,Rice
2025-03-21,1933.0,Groceries,Vegetables
2025-05-15,3654.95,Food,Dinner
2025-09-05,3966.38,Subscriptions,Prime Video
2025-11-24,3817.44,Groceries,Milk
2025-06-23,1905.1,Gym,Gym Fee
2026-03-20,2445.42,Entertainment,Concert
2025-12-01,3789.37,Groceries,Fruits
2025-08-12,3894.7,Gym,Gym Fee
2025-08-14,568.85,Groceries,Fruits
2025-07-23,4474.41,Travel,Fuel
2026-05-09,2184.98,Shopping,Accessories
2025-07-31,4480.52,Subscriptions,Spotify
2025-12-14,539.62,Bills,Mobile Recharge
2025-08-03,3852.72,Bills,Electricity
2026-01-16,4889.19,Gym,Shaker Bottle
2025-02-03,1432.48,Health,Doctor Visit
2025-11-26,650.55,Shopping,Clothes
2026-01-25,3730.35,Travel,Bus Ticket
2025-06-21,137.81,Gym,Supplements
2026-03-04,1915.75,Bills,Electricity
2025-06-29,3624.74,Education,Books
2025-03-06,3356.14,Subscriptions,Hotstar
2025-02-28,3800.13,Gym,Gym Fee
2025-08-31,4025.61,Entertainment,Movie
2026-01-22,961.91,Education,Books
2025-09-26,2689.91,Education,Course
2026-02-17,4530.06,Education,Course
2025-09-29,1038.93,Shopping,Shoes
2025-07-17,1766.05,Health,Protein Powder
2026-05-13,2691.76,Gym,Gym Fee
2025-02-23,3025.36,Subscriptions,Hotstar
2025-08-10,548.69,Travel,Bus Ticket
2025-06-15,996.77,Bills,Mobile Recharge
2026-05-16,3475.26,Subscriptions,Hotstar
2025-12-12,4746.51,Gym,Shaker Bottle
2025-07-04,3357.6,Education,Books
2025-06-16,1743.5,Subscriptions,Spotify
2026-03-02,432.81,Subscriptions,Hotstar
2025-10-15,4980.97,Travel,Bus Ticket
2025-06-07,2901.5,Entertainment,Netflix
2025-11-16,4746.42,Groceries,Milk
2025-08-31,3259.34,Education,Exam Fee
2025-10-13,3679.68,Gym,Supplements
2025-03-23,348.97,Travel,Train Ticket
2025-07-12,1630.43,Travel,Train Ticket
2025-01-09,58.8,Groceries,Rice
2025-04-13,1938.65,Shopping,Shoes
2025-01-26,144.35,Groceries,Fruits
2025-11-09,4341.01,Bills,Mobile Recharge
2025-02-14,1808.53,Bills,Electricity
2025-07-13,2374.34,Entertainment,Movie
2025-05-03,3485.48,Education,Books
2025-05-25,553.41,Travel,Train Ticket
2026-03-29,1409.99,Food,Lunch
2025-04-10,3481.31,Travel,Auto Ride
2026-02-11,70.9,Shopping,Shoes
2025-08-31,3082.83,Gym,Supplements
2025-07-30,4402.43,Groceries,Fruits
2025-08-19,2281.74,Entertainment,Concert
2025-12-23,109.56,Education,Exam Fee
2026-01-29,4916.07,Subscriptions,Spotify
2025-05-12,1398.27,Food,Chicken Roll
2026-05-09,2131.45,Subscriptions,Prime Video
2026-05-11,2987.29,Groceries,Milk
2025-03-17,4166.71,Education,Exam Fee
2025-01-23,2220.21,Food,Chicken Roll
2025-10-27,4342.6,Gym,Supplements
2026-01-20,2688.07,Entertainment,Game Purchase
2025-01-28,2799.98,Shopping,Clothes
2026-02-15,3176.32,Bills,Electricity
2026-04-29,1782.06,Education,Course
2026-02-15,4697.79,Bills,Electricity
2025-07-03,1266.29,Health,Doctor Visit
2026-01-22,2623.21,Subscriptions,Hotstar
2026-04-08,301.84,Food,Snacks
2025-05-22,2740.56,Shopping,Accessories
2026-01-30,2828.7,Gym,Shaker Bottle
2025-04-22,3079.73,Bills,Electricity
2025-07-07,2117.24,Food,Pizza
2025-08-18,945.7,Education,Books
2025-01-03,3228.45,Education,Books
2025-09-02,4534.59,Gym,Supplements
2026-03-08,2216.01,Education,Course
2025-01-31,4885.8,Bills,Mobile Recharge
2025-09-12,4301.66,Shopping,Accessories
2026-03-02,2777.76,Travel,Fuel
2025-01-10,942.19,Bills,Internet
2025-08-27,3245.73,Travel,Auto Ride
2026-04-05,2802.68,Entertainment,Movie
2025-10-11,2707.8,Food,Lunch
2025-04-22,2709.27,Bills,Electricity
2025-11-07,4039.07,Health,Medicines
2025-01-16,1517.72,Shopping,Clothes
2025-11-21,3919.26,Health,Medicines
2025-10-18,760.15,Entertainment,Netflix
2025-10-21,4714.25,Food,Coffee
2026-04-04,1486.16,Health,Protein Powder
2026-02-07,2515.63,Gym,Gym Fee
2025-04-21,201.28,Shopping,Accessories
2025-03-12,2867.43,Entertainment,Concert
2026-05-16,2568.52,Shopping,Clothes
2025-12-08,1615.15,Entertainment,Netflix
2025-02-16,1192.17,Health,Doctor Visit
